"x","y","era_grupo","tipo_prov"
-2.02601413656651,-0.195488473005842,"Pre-1990","metropolitan"
-2.02560987327377,-0.230021208230877,"Pre-1990","metropolitan"
-2.02322168628913,-0.264553319039698,"Pre-1990","metropolitan"
-2.0188519562093,-0.299050383073257,"Pre-1990","metropolitan"
-2.01250503887626,-0.333478012907895,"Pre-1990","metropolitan"
-2.00418726103525,-0.367801890333474,"Pre-1990","metropolitan"
-1.99390691402809,-0.401987800562511,"Pre-1990","metropolitan"
-1.98167424552827,-0.436001666336228,"Pre-1990","metropolitan"
-1.96750144932578,-0.469809581893498,"Pre-1990","metropolitan"
-1.95140265317209,-0.503377846768853,"Pre-1990","metropolitan"
-1.93339390469732,-0.536672999385832,"Pre-1990","metropolitan"
-1.9134931554136,-0.569661850412217,"Pre-1990","metropolitan"
-1.89172024282062,-0.602311515843874,"Pre-1990","metropolitan"
-1.86809687063114,-0.634589449784246,"Pre-1990","metropolitan"
-1.84264658713633,-0.666463476886814,"Pre-1990","metropolitan"
-1.81539476173226,-0.697901824428176,"Pre-1990","metropolitan"
-1.78636855963115,-0.728873153979792,"Pre-1990","metropolitan"
-1.75559691478251,-0.759346592646811,"Pre-1990","metropolitan"
-1.72311050103113,-0.789291763842846,"Pre-1990","metropolitan"
-1.68894170154075,-0.818678817570009,"Pre-1990","metropolitan"
-1.65312457651378,-0.847478460174048,"Pre-1990","metropolitan"
-1.6156948292394,-0.875661983544888,"Pre-1990","metropolitan"
-1.57668977050369,-0.903201293733509,"Pre-1990","metropolitan"
-1.53614828139748,-0.9300689389566,"Pre-1990","metropolitan"
-1.49411077455878,-0.956238136961093,"Pre-1990","metropolitan"
-1.45061915388863,-0.9816828017213,"Pre-1990","metropolitan"
-1.40571677278035,-1.00637756944203,"Pre-1990","metropolitan"
-1.35944839090396,-1.03029782384175,"Pre-1990","metropolitan"
-1.31186012958873,-1.05341972069068,"Pre-1990","metropolitan"
-1.26299942584848,-1.0757202115792,"Pre-1990","metropolitan"
-1.21291498509531,-1.09717706689299,"Pre-1990","metropolitan"
-1.16165673258897,-1.11776889797205,"Pre-1990","metropolitan"
-1.10927576367031,-1.13747517843133,"Pre-1990","metropolitan"
-1.05582429282831,-1.15627626462191,"Pre-1990","metropolitan"
-1.00135560165155,-1.17415341521219,"Pre-1990","metropolitan"
-0.945923985715958,-1.19108880986967,"Pre-1990","metropolitan"
-0.889584700461813,-1.20706556702466,"Pre-1990","metropolitan"
-0.832393906113899,-1.22206776069817,"Pre-1990","metropolitan"
-0.774408611699789,-1.23608043637729,"Pre-1990","metropolitan"
-0.715686618221998,-1.24908962592214,"Pre-1990","metropolitan"
-0.656286461040691,-1.26108236148968,"Pre-1990","metropolitan"
-0.596267351524359,-1.27204668846028,"Pre-1990","metropolitan"
-0.535689118026644,-1.28197167735436,"Pre-1990","metropolitan"
-0.474612146248131,-1.29084743472715,"Pre-1990","metropolitan"
-0.413097319042568,-1.29866511303067,"Pre-1990","metropolitan"
-0.351205955727517,-1.30541691943318,"Pre-1990","metropolitan"
-0.288999750959924,-1.31109612358721,"Pre-1990","metropolitan"
-0.226540713237538,-1.31569706433856,"Pre-1990","metropolitan"
-0.1638911030875,-1.31921515536943,"Pre-1990","metropolitan"
-0.101113371003689,-1.32164688977016,"Pre-1990","metropolitan"
-0.0382700951947136,-1.32298984353502,"Pre-1990","metropolitan"
0.0245760807954053,-1.32324267797849,"Pre-1990","metropolitan"
0.0873625105316846,-1.32240514106971,"Pre-1990","metropolitan"
0.150026607135505,-1.32047806768367,"Pre-1990","metropolitan"
0.212505905672575,-1.31746337876903,"Pre-1990","metropolitan"
0.274738125419335,-1.31336407943327,"Pre-1990","metropolitan"
0.336661231945737,-1.30818425594712,"Pre-1990","metropolitan"
0.398213498952513,-1.30192907167128,"Pre-1990","metropolitan"
0.459333569801293,-1.29460476190946,"Pre-1990","metropolitan"
0.519960518676237,-1.28621862769293,"Pre-1990","metropolitan"
0.580033911316213,-1.27677902850265,"Pre-1990","metropolitan"
0.639493865256982,-1.26629537393638,"Pre-1990","metropolitan"
0.698281109523341,-1.25477811432899,"Pre-1990","metropolitan"
0.756337043711722,-1.24223873033533,"Pre-1990","metropolitan"
0.813603796404344,-1.22868972148606,"Pre-1990","metropolitan"
0.870024282856707,-1.21414459372787,"Pre-1990","metropolitan"
0.925542261900901,-1.19861784596043,"Pre-1990","metropolitan"
0.980102392008031,-1.18212495558359,"Pre-1990","metropolitan"
1.03365028645385,-1.16468236306914,"Pre-1990","metropolitan"
1.08613256753263,-1.14630745557266,"Pre-1990","metropolitan"
1.13749691976523,-1.12701854960153,"Pre-1990","metropolitan"
1.18769214204829,-1.10683487275672,"Pre-1990","metropolitan"
1.23666819869261,-1.08577654456626,"Pre-1990","metropolitan"
1.28437626929982,-1.06386455642965,"Pre-1990","metropolitan"
1.33076879742758,-1.04112075069321,"Pre-1990","metropolitan"
1.37579953799494,-1.01756779887712,"Pre-1990","metropolitan"
1.41942360338039,-0.993229179075969,"Pre-1990","metropolitan"
1.46159750816682,-0.968129152555281,"Pre-1990","metropolitan"
1.50227921248877,-0.94229273956736,"Pre-1990","metropolitan"
1.54142816393863,-0.915745694410554,"Pre-1990","metropolitan"
1.5790053379902,-0.888514479756811,"Pre-1990","metropolitan"
1.61497327689917,-0.860626240273114,"Pre-1990","metropolitan"
1.64929612704182,-0.832108775563082,"Pre-1990","metropolitan"
1.68193967465469,-0.802990512455727,"Pre-1990","metropolitan"
1.71287137993959,-0.773300476668969,"Pre-1990","metropolitan"
1.7420604095,-0.743068263876168,"Pre-1990","metropolitan"
1.76947766707647,-0.712324010204516,"Pre-1990","metropolitan"
1.79509582255038,-0.681098362194688,"Pre-1990","metropolitan"
1.81888933918722,-0.649422446251704,"Pre-1990","metropolitan"
1.84083449909215,-0.617327837617453,"Pre-1990","metropolitan"
1.86090942685253,-0.584846528895805,"Pre-1990","metropolitan"
1.87909411134378,-0.552010898161686,"Pre-1990","metropolitan"
1.89537042567693,-0.518853676685908,"Pre-1990","metropolitan"
1.90972214526787,-0.485407916307932,"Pre-1990","metropolitan"
1.9221349640104,-0.451706956489067,"Pre-1990","metropolitan"
1.93259650853686,-0.417784391078979,"Pre-1990","metropolitan"
1.94109635055214,-0.383674034828605,"Pre-1990","metropolitan"
1.94762601722886,-0.349409889682875,"Pre-1990","metropolitan"
1.95217899965329,-0.315026110886835,"Pre-1990","metropolitan"
1.95475075931352,-0.280556972938955,"Pre-1990","metropolitan"
1.9553387326236,-0.246036835425565,"Pre-1990","metropolitan"
1.95394233347894,-0.21150010877047,"Pre-1990","metropolitan"
1.95056295384058,-0.176981219933892,"Pre-1990","metropolitan"
1.94520396234763,-0.14251457809493,"Pre-1990","metropolitan"
1.93787070095937,-0.108134540351734,"Pre-1990","metropolitan"
1.92857047963022,-0.0738753774736155,"Pre-1990","metropolitan"
1.91731256902306,-0.0397712397391857,"Pre-1990","metropolitan"
1.90410819126802,-0.00585612289462356,"Pre-1990","metropolitan"
1.88897050877601,0.0278361657340261,"Pre-1990","metropolitan"
1.87191461111815,0.0612720409407301,"Pre-1990","metropolitan"
1.85295749998414,0.094418173117931,"Pre-1990","metropolitan"
1.83211807223465,0.127241521480223,"Pre-1990","metropolitan"
1.80941710106445,0.159709367000128,"Pre-1990","metropolitan"
1.78487721529531,0.191789345023134,"Pre-1990","metropolitan"
1.75852287681904,0.223449477529481,"Pre-1990","metropolitan"
1.73038035621338,0.254658205010555,"Pre-1990","metropolitan"
1.7004777065549,0.285384417928085,"Pre-1990","metropolitan"
1.66884473545511,0.315597487724812,"Pre-1990","metropolitan"
1.63551297534752,0.3452672973557,"Pre-1990","metropolitan"
1.60051565205551,0.37436427130926,"Pre-1990","metropolitan"
1.56388765167204,0.402859405089064,"Pre-1990","metropolitan"
1.52566548578447,0.430724294126059,"Pre-1990","metropolitan"
1.48588725507899,0.457931162092855,"Pre-1990","metropolitan"
1.44459261136106,0.484452888591779,"Pre-1990","metropolitan"
1.4018227180296,0.51026303618907,"Pre-1990","metropolitan"
1.35762020904442,0.535335876768294,"Pre-1990","metropolitan"
1.31202914642778,0.559646417176687,"Pre-1990","metropolitan"
1.2650949763424,0.58317042413887,"Pre-1990","metropolitan"
1.21686448378972,0.605884448413114,"Pre-1990","metropolitan"
1.16738574597363,0.627765848166045,"Pre-1990","metropolitan"
1.11670808437602,0.648792811542519,"Pre-1990","metropolitan"
1.06488201559208,0.668944378408156,"Pre-1990","metropolitan"
1.0119592009743,0.688200461242855,"Pre-1990","metropolitan"
0.957992395135212,0.706541865164473,"Pre-1990","metropolitan"
0.903035393360538,0.723950307062697,"Pre-1990","metropolitan"
0.847142977984833,0.740408433824049,"Pre-1990","metropolitan"
0.790370863783268,0.755899839629851,"Pre-1990","metropolitan"
0.732775642433944,0.770409082309891,"Pre-1990","metropolitan"
0.674414726106059,0.783921698735525,"Pre-1990","metropolitan"
0.615346290230224,0.796424219236832,"Pre-1990","metropolitan"
0.55562921550792,0.807904181029476,"Pre-1990","metropolitan"
0.495323029217934,0.81835014063788,"Pre-1990","metropolitan"
0.434487845878281,0.82775168530233,"Pre-1990","metropolitan"
0.373184307322734,0.836099443358645,"Pre-1990","metropolitan"
0.311473522251733,0.843385093580048,"Pre-1990","metropolitan"
0.249417005317905,0.849601373471954,"Pre-1990","metropolitan"
0.187076615806908,0.854742086511378,"Pre-1990","metropolitan"
0.124514495974769,0.858802108323762,"Pre-1990","metropolitan"
0.0617930091031109,0.861777391791068,"Pre-1990","metropolitan"
-0.00102532266590309,0.863664971086031,"Pre-1990","metropolitan"
-0.0638778806530182,0.864462964628559,"Pre-1990","metropolitan"
-0.126702012061536,0.864170576961334,"Pre-1990","metropolitan"
-0.189435092430988,0.862788099542743,"Pre-1990","metropolitan"
-0.252014588062569,0.860316910456341,"Pre-1990","metropolitan"
-0.314378118354074,0.856759473037151,"Pre-1990","metropolitan"
-0.37646351798225,0.85211933341616,"Pre-1990","metropolitan"
-0.438208898870534,0.846401116985454,"Pre-1990","metropolitan"
-0.499552711880439,0.839610523787529,"Pre-1990","metropolitan"
-0.560433808165075,0.831754322833364,"Pre-1990","metropolitan"
-0.620791500123642,0.822840345354924,"Pre-1990","metropolitan"
-0.680565621896161,0.812877476998817,"Pre-1990","metropolitan"
-0.7396965893381,0.80187564896889,"Pre-1990","metropolitan"
-0.798125459415152,0.789845828126587,"Pre-1990","metropolitan"
-0.855793988958937,0.776800006058945,"Pre-1990","metropolitan"
-0.912644692725046,0.762751187125115,"Pre-1990","metropolitan"
-0.968620900695601,0.747713375493341,"Pre-1990","metropolitan"
-1.02366681456914,0.731701561181293,"Pre-1990","metropolitan"
-1.0777275633816,0.714731705113698,"Pre-1990","metropolitan"
-1.13074925820287,0.696820723212138,"Pre-1990","metropolitan"
-1.18267904585445,0.677986469532895,"Pre-1990","metropolitan"
-1.23346516159466,0.658247718469636,"Pre-1990","metropolitan"
-1.28305698071885,0.637624146038693,"Pre-1990","metropolitan"
-1.33140506902321,0.61613631026558,"Pre-1990","metropolitan"
-1.37846123208187,0.593805630692305,"Pre-1990","metropolitan"
-1.42417856328813,0.570654367025907,"Pre-1990","metropolitan"
-1.46851149061199,0.546705596949493,"Pre-1990","metropolitan"
-1.51141582202736,0.521983193117907,"Pre-1990","metropolitan"
-1.55284878956362,0.49651179936094,"Pre-1990","metropolitan"
-1.59276909193766,0.470316806117833,"Pre-1990","metropolitan"
-1.63113693572389,0.443424325127531,"Pre-1990","metropolitan"
-1.66791407502123,0.415861163399933,"Pre-1990","metropolitan"
-1.70306384957741,0.387654796494084,"Pre-1990","metropolitan"
-1.73655122133271,0.358833341129936,"Pre-1990","metropolitan"
-1.76834280934671,0.329425527160996,"Pre-1990","metropolitan"
-1.79840692307308,0.29946066893578,"Pre-1990","metropolitan"
-1.82671359394943,0.268968636076631,"Pre-1990","metropolitan"
-1.85323460527063,0.237979823705034,"Pre-1990","metropolitan"
-1.87794352031583,0.206525122143094,"Pre-1990","metropolitan"
-1.90081570870114,0.174635886121394,"Pre-1990","metropolitan"
-1.92182837093178,0.142343903523918,"Pre-1990","metropolitan"
-1.94096056112904,0.109681363701192,"Pre-1990","metropolitan"
-1.95819320790966,0.0766808253832471,"Pre-1990","metropolitan"
-1.97350913339657,0.04337518422436,"Pre-1990","metropolitan"
-1.98689307034215,0.00979764001195896,"Pre-1990","metropolitan"
-1.99833167734698,-0.0240183364276516,"Pre-1990","metropolitan"
-2.00781355215884,-0.0580390365937403,"Pre-1990","metropolitan"
-2.01532924303871,-0.0922305479125095,"Pre-1990","metropolitan"
-2.02087125818246,-0.126558787541893,"Pre-1990","metropolitan"
-2.02443407318889,-0.160989536346069,"Pre-1990","metropolitan"
-2.02601413656651,-0.195488473005841,"Pre-1990","metropolitan"
-2.79826052228865,-0.223310709331491,"Pre-1990","intermediate"
-2.79525878762219,-0.264688426402098,"Pre-1990","intermediate"
-2.78984714097498,-0.305920339088458,"Pre-1990","intermediate"
-2.78203097679408,-0.346965346523308,"Pre-1990","intermediate"
-2.77181808640193,-0.387782534150604,"Pre-1990","intermediate"
-2.75921865022979,-0.428331214510041,"Pre-1990","intermediate"
-2.74424522766962,-0.468570967795198,"Pre-1990","intermediate"
-2.72691274455469,-0.508461682144881,"Pre-1990","intermediate"
-2.7072384782811,-0.547963593627496,"Pre-1990","intermediate"
-2.68524204058533,-0.587037325878604,"Pre-1990","intermediate"
-2.66094535799487,-0.625643929352134,"Pre-1990","intermediate"
-2.6343726499713,-0.663744920146142,"Pre-1990","intermediate"
-2.60555040476788,-0.701302318364397,"Pre-1990","intermediate"
-2.57450735302545,-0.738278685975569,"Pre-1990","intermediate"
-2.54127443913309,-0.774637164132275,"Pre-1990","intermediate"
-2.50588479038212,-0.810341509912776,"Pre-1990","intermediate"
-2.46837368394404,-0.845356132448713,"Pre-1990","intermediate"
-2.42877851170553,-0.879646128402856,"Pre-1990","intermediate"
-2.38713874299539,-0.913177316761511,"Pre-1990","intermediate"
-2.34349588524063,-0.945916272906897,"Pre-1990","intermediate"
-2.29789344259099,-0.977830361935534,"Pre-1990","intermediate"
-2.25037687255305,-1.00888777118942,"Pre-1990","intermediate"
-2.2009935406772,-1.03905754196759,"Pre-1990","intermediate"
-2.14979267334262,-1.0683096003864,"Pre-1990","intermediate"
-2.09682530868737,-1.09661478735787,"Pre-1990","intermediate"
-2.04214424573246,-1.12394488765604,"Pre-1990","intermediate"
-1.98580399175062,-1.15027265804257,"Pre-1990","intermediate"
-1.92786070793229,-1.17557185442338,"Pre-1990","intermediate"
-1.86837215340291,-1.19981725800932,"Pre-1990","intermediate"
-1.80739762764737,-1.22298470045481,"Pre-1990","intermediate"
-1.744997911399,-1.24505108794937,"Pre-1990","intermediate"
-1.681235206052,-1.26599442423808,"Pre-1990","intermediate"
-1.61617307165776,-1.28579383254784,"Pre-1990","intermediate"
-1.54987636356677,-1.30442957639786,"Pre-1990","intermediate"
-1.48241116777948,-1.32188307927339,"Pre-1990","intermediate"
-1.41384473507024,-1.33813694314318,"Pre-1990","intermediate"
-1.34424541395034,-1.35317496580226,"Pre-1990","intermediate"
-1.27368258253669,-1.36698215702259,"Pre-1990","intermediate"
-1.20222657939423,-1.37954475349569,"Pre-1990","intermediate"
-1.12994863342089,-1.39085023255218,"Pre-1990","intermediate"
-1.05692079284508,-1.40088732464469,"Pre-1990","intermediate"
-0.983215853406481,-1.40964602458152,"Pre-1990","intermediate"
-0.908907285791633,-1.41711760150009,"Pre-1990","intermediate"
-0.834069162396771,-1.42329460757005,"Pre-1990","intermediate"
-0.758776083490848,-1.42817088541742,"Pre-1990","intermediate"
-0.683103102852365,-1.43174157426237,"Pre-1990","intermediate"
-0.607125652954132,-1.43400311476463,"Pre-1990","intermediate"
-0.530919469770539,-1.43495325257143,"Pre-1990","intermediate"
-0.45456051728229,-1.43459104056474,"Pre-1990","intermediate"
-0.378124911753852,-1.43291683980538,"Pre-1990","intermediate"
-0.30168884585911,-1.42993231917306,"Pre-1990","intermediate"
-0.225328512730855,-1.42564045370286,"Pre-1990","intermediate"
-0.149120030009805,-1.42004552161961,"Pre-1990","intermediate"
-0.0731393639688943,-1.41315310007331,"Pre-1990","intermediate"
0.00253774621156783,-1.40497005957963,"Pre-1990","intermediate"
0.0778358639423545,-1.3955045571713,"Pre-1990","intermediate"
0.152679930422153,-1.38476602826698,"Pre-1990","intermediate"
0.226995339457814,-1.37276517726581,"Pre-1990","intermediate"
0.300708011833426,-1.35951396687707,"Pre-1990","intermediate"
0.373744469154087,-1.34502560619545,"Pre-1990","intermediate"
0.446031907090767,-1.32931453753397,"Pre-1990","intermediate"
0.51749826795325,-1.31239642202754,"Pre-1990","intermediate"
0.588072312518802,-1.29428812402164,"Pre-1990","intermediate"
0.657683691044981,-1.27500769426153,"Pre-1990","intermediate"
0.726263013395787,-1.2545743518989,"Pre-1990","intermediate"
0.793741918211263,-1.23300846533379,"Pre-1990","intermediate"
0.860053141051579,-1.21033153191093,"Pre-1990","intermediate"
0.925130581447697,-1.18656615649074,"Pre-1990","intermediate"
0.988909368791746,-1.16173602891628,"Pre-1990","intermediate"
1.05132592700146,-1.1358659003987,"Pre-1990","intermediate"
1.11231803789421,-1.10898155884473,"Pre-1990","intermediate"
1.17182490320742,-1.0811098031507,"Pre-1990","intermediate"
1.22978720520361,-1.05227841648883,"Pre-1990","intermediate"
1.2861471657996,-1.02251613861236,"Pre-1990","intermediate"
1.34084860416098,-0.991852637207145,"Pre-1990","intermediate"
1.39383699270436,-0.960318478318234,"Pre-1990","intermediate"
1.44505951145167,-0.927945095881004,"Pre-1990","intermediate"
1.49446510068225,-0.894764760387115,"Pre-1990","intermediate"
1.5420045118303,-0.860810546716581,"Pre-1990","intermediate"
1.58763035657692,-0.826116301168014,"Pre-1990","intermediate"
1.6312971540878,-0.790716607719895,"Pre-1990","intermediate"
1.67296137634954,-0.754646753556513,"Pre-1990","intermediate"
1.7125814915593,-0.717942693892932,"Pre-1990","intermediate"
1.75011800552457,-0.680641016134053,"Pre-1990","intermediate"
1.78553350103192,-0.64277890340349,"Pre-1990","intermediate"
1.81879267514522,-0.604394097478625,"Pre-1990","intermediate"
1.8498623743964,-0.565524861168782,"Pre-1990","intermediate"
1.87871162783355,-0.526209940174031,"Pre-1990","intermediate"
1.90531167789345,-0.486488524462625,"Pre-1990","intermediate"
1.92963600906771,-0.446400209205593,"Pre-1990","intermediate"
1.95166037433401,-0.405984955307412,"Pre-1990","intermediate"
1.97136281932608,-0.365283049572102,"Pre-1990","intermediate"
1.98872370421827,-0.324335064544473,"Pre-1990","intermediate"
2.00372572330296,-0.283181818066522,"Pre-1990","intermediate"
2.01635392224127,-0.241864332589324,"Pre-1990","intermediate"
2.02659571296987,-0.200423794280962,"Pre-1990","intermediate"
2.03444088624901,-0.158901511971257,"Pre-1990","intermediate"
2.03988162183937,-0.117338875974226,"Pre-1990","intermediate"
2.04291249629738,-0.0757773168293206,"Pre-1990","intermediate"
2.04353048838146,-0.0342582640025631,"Pre-1990","intermediate"
2.04173498206367,0.00717689541124612,"Pre-1990","intermediate"
2.03752776714376,0.0484868579440865,"Pre-1990","intermediate"
2.03091303746505,0.0896304449269105,"Pre-1990","intermediate"
2.02189738673394,0.130566643537437,"Pre-1990","intermediate"
2.01048980194714,0.171254647682626,"Pre-1990","intermediate"
1.99670165443328,0.211653898675076,"Pre-1990","intermediate"
1.98054668851764,0.251724125662808,"Pre-1990","intermediate"
1.96204100782157,0.291425385772129,"Pre-1990","intermediate"
1.94120305921007,0.330718103923552,"Pre-1990","intermediate"
1.91805361440347,0.369563112281099,"Pre-1990","intermediate"
1.89261574927181,0.407921689295652,"Pre-1990","intermediate"
1.86491482083226,0.445755598303434,"Pre-1990","intermediate"
1.83497844197273,0.483027125641146,"Pre-1990","intermediate"
1.8028364539267,0.519699118239772,"Pre-1990","intermediate"
1.76852089652687,0.555735020659557,"Pre-1990","intermediate"
1.73206597626715,0.591098911529275,"Pre-1990","intermediate"
1.69350803220485,0.625755539353425,"Pre-1990","intermediate"
1.65288549973716,0.65967035765169,"Pre-1990","intermediate"
1.6102388722879,0.692809559395625,"Pre-1990","intermediate"
1.56561066094276,0.72514011070823,"Pre-1990","intermediate"
1.51904535207337,0.756629783792843,"Pre-1990","intermediate"
1.4705893629923,0.787247189058509,"Pre-1990","intermediate"
1.42029099568327,0.8169618064098,"Pre-1990","intermediate"
1.36820038865269,0.845744015669918,"Pre-1990","intermediate"
1.31436946695049,0.873565126106727,"Pre-1990","intermediate"
1.25885189041012,0.900397405032299,"Pre-1990","intermediate"
1.20170300015926,0.926214105447464,"Pre-1990","intermediate"
1.14297976345455,0.950989492703793,"Pre-1990","intermediate"
1.08274071689544,0.974698870156465,"Pre-1990","intermediate"
1.0210459080736,0.997318603782409,"Pre-1990","intermediate"
0.957956835716184,1.01882614573922,"Pre-1990","intermediate"
0.893536388382546,1.03920005684134,"Pre-1990","intermediate"
0.827848781775589,1.0584200279311,"Pre-1990","intermediate"
0.760959494730125,1.07646690012333,"Pre-1990","intermediate"
0.69293520394217,1.09332268390334,"Pre-1990","intermediate"
0.623843717504151,1.10897057705929,"Pre-1990","intermediate"
0.553753907312323,1.12339498143098,"Pre-1990","intermediate"
0.482735640413777,1.13658151845843,"Pre-1990","intermediate"
0.410859709361436,1.14851704351476,"Pre-1990","intermediate"
0.338197761646507,1.15918965900902,"Pre-1990","intermediate"
0.264822228278701,1.16858872624599,"Pre-1990","intermediate"
0.190806251585421,1.17670487603103,"Pre-1990","intermediate"
0.116223612301911,1.18353001800954,"Pre-1990","intermediate"
0.0411486560250043,1.18905734873155,"Pre-1990","intermediate"
-0.0343437808961777,1.19328135843359,"Pre-1990","intermediate"
-0.110178445958726,1.19619783653094,"Pre-1990","intermediate"
-0.186279745519285,1.1978038758148,"Pre-1990","intermediate"
-0.262571820147423,1.19809787535028,"Pre-1990","intermediate"
-0.338978620243982,1.19707954207225,"Pre-1990","intermediate"
-0.415423981848953,1.19474989107747,"Pre-1990","intermediate"
-0.491831702563385,1.19111124461272,"Pre-1990","intermediate"
-0.56812561750958,1.18616722975993,"Pre-1990","intermediate"
-0.644229675253902,1.17992277482061,"Pre-1990","intermediate"
-0.720068013616513,1.17238410440326,"Pre-1990","intermediate"
-0.795565035292423,1.1635587332185,"Pre-1990","intermediate"
-0.870645483208546,1.15345545858825,"Pre-1990","intermediate"
-0.945234515541573,1.14208435167639,"Pre-1990","intermediate"
-1.01925778032194,1.12945674744958,"Pre-1990","intermediate"
-1.09264148954948,1.11558523337834,"Pre-1990","intermediate"
-1.16531249274691,1.10048363688957,"Pre-1990","intermediate"
-1.23719834987782,1.08416701158306,"Pre-1990","intermediate"
-1.30822740355648,1.06665162222578,"Pre-1990","intermediate"
-1.37832885047746,1.04795492853876,"Pre-1990","intermediate"
-1.44743281199393,1.02809556779286,"Pre-1990","intermediate"
-1.51547040377419,1.00709333623079,"Pre-1990","intermediate"
-1.58237380446712,0.984969169333696,"Pre-1990","intermediate"
-1.6480763233079,0.961745120952304,"Pre-1990","intermediate"
-1.71251246659688,0.937444341323106,"Pre-1990","intermediate"
-1.77561800298509,0.912091053991721,"Pre-1990","intermediate"
-1.83733002750147,0.885710531666336,"Pre-1990","intermediate"
-1.89758702425788,0.858329071025318,"Pre-1990","intermediate"
-1.95632892776951,0.829973966504117,"Pre-1990","intermediate"
-2.01349718282943,0.800673483087578,"Pre-1990","intermediate"
-2.06903480287774,0.770456828134786,"Pre-1990","intermediate"
-2.12288642680696,0.73935412226454,"Pre-1990","intermediate"
-2.1749983741472,0.707396369330461,"Pre-1990","intermediate"
-2.22531869857604,0.674615425515682,"Pre-1990","intermediate"
-2.27379723969974,0.641043967577904,"Pre-1990","intermediate"
-2.32038567305423,0.6067154602765,"Pre-1990","intermediate"
-2.36503755827593,0.571664123014114,"Pre-1990","intermediate"
-2.4077083853946,0.535924895726012,"Pre-1990","intermediate"
-2.44835561920175,0.499533404051201,"Pre-1990","intermediate"
-2.48693874165077,0.462525923820009,"Pre-1990","intermediate"
-2.52341929224609,0.424939344893558,"Pre-1990","intermediate"
-2.55776090638151,0.386811134391143,"Pre-1990","intermediate"
-2.58992935158922,0.348179299342189,"Pre-1990","intermediate"
-2.61989256166345,0.309082348800027,"Pre-1990","intermediate"
-2.64762066862476,0.269559255455223,"Pre-1990","intermediate"
-2.67308603249311,0.229649416786757,"Pre-1990","intermediate"
-2.69626326883999,0.189392615789762,"Pre-1990","intermediate"
-2.71712927409216,0.148828981318958,"Pre-1990","intermediate"
-2.73566324856179,0.107998948087355,"Pre-1990","intermediate"
-2.75184671718006,0.0669432163600304,"Pre-1990","intermediate"
-2.7656635479135,0.0257027113832383,"Pre-1990","intermediate"
-2.77709996784476,-0.0156814574107754,"Pre-1990","intermediate"
-2.78614457690173,-0.0571680373825506,"Pre-1990","intermediate"
-2.79278835922139,-0.0987156738069334,"Pre-1990","intermediate"
-2.79702469213706,-0.140282951096375,"Pre-1990","intermediate"
-2.79884935277995,-0.181828434084881,"Pre-1990","intermediate"
-2.79826052228865,-0.22331070933149,"Pre-1990","intermediate"
-3.18439031491247,-0.320923424554296,"Pre-1990","peripheral"
-3.18070446965431,-0.357751048402037,"Pre-1990","peripheral"
-3.17444148843489,-0.394374474616883,"Pre-1990","peripheral"
-3.16560761433011,-0.430757196171109,"Pre-1990","peripheral"
-3.15421165313778,-0.46686294597663,"Pre-1990","peripheral"
-3.14026496459986,-0.502655733036826,"Pre-1990","peripheral"
-3.12378145107879,-0.538099878323146,"Pre-1990","peripheral"
-3.10477754369932,-0.573160050340741,"Pre-1990","peripheral"
-3.08327218596963,-0.607801300347668,"Pre-1990","peripheral"
-3.05928681489798,-0.641989097192554,"Pre-1990","peripheral"
-3.03284533962389,-0.675689361736,"Pre-1990","peripheral"
-3.00397411758496,-0.708868500821407,"Pre-1990","peripheral"
-2.97270192824318,-0.741493440761367,"Pre-1990","peripheral"
-2.93905994439699,-0.773531660306231,"Pre-1990","peripheral"
-2.90308170110753,-0.804951223062001,"Pre-1990","peripheral"
-2.86480306227015,-0.83572080932522,"Pre-1990","peripheral"
-2.82426218486451,-0.865809747303136,"Pre-1990","peripheral"
-2.78149948091888,-0.895188043688007,"Pre-1990","peripheral"
-2.73655757722654,-0.923826413555089,"Pre-1990","peripheral"
-2.68948127285447,-0.95169630955448,"Pre-1990","peripheral"
-2.64031749448667,-0.978769950367744,"Pre-1990","peripheral"
-2.58911524964662,-1.00502034840093,"Pre-1990","peripheral"
-2.53592557784549,-1.03042133668639,"Pre-1990","peripheral"
-2.48080149970489,-1.0549475949666,"Pre-1990","peripheral"
-2.42379796410473,-1.07857467493391,"Pre-1990","peripheral"
-2.36497179340898,-1.10127902460117,"Pre-1990","peripheral"
-2.30438162682394,-1.12303801177887,"Pre-1990","peripheral"
-2.24208786194535,-1.14382994663539,"Pre-1990","peripheral"
-2.17815259455277,-1.16363410331789,"Pre-1990","peripheral"
-2.11263955671119,-1.18243074061228,"Pre-1990","peripheral"
-2.04561405324148,-1.20020112162174,"Pre-1990","peripheral"
-1.97714289662316,-1.216927532444,"Pre-1990","peripheral"
-1.90729434039422,-1.232593299829,"Pre-1990","peripheral"
-1.83613801111455,-1.24718280779912,"Pre-1990","peripheral"
-1.76374483896066,-1.26068151321553,"Pre-1990","peripheral"
-1.69018698702095,-1.27307596027509,"Pre-1990","peripheral"
-1.61553777936193,-1.28435379392344,"Pre-1990","peripheral"
-1.53987162793724,-1.29450377217072,"Pre-1990","peripheral"
-1.46326395841218,-1.30351577729788,"Pre-1990","peripheral"
-1.38579113497778,-1.31138082594222,"Pre-1990","peripheral"
-1.30753038422928,-1.3180910780522,"Pre-1990","peripheral"
-1.22855971818502,-1.32363984470259,"Pre-1990","peripheral"
-1.14895785652233,-1.32802159476212,"Pre-1990","peripheral"
-1.06880414810808,-1.33123196040703,"Pre-1990","peripheral"
-0.988178491901975,-1.33326774147504,"Pre-1990","peripheral"
-0.90716125731153,-1.3341269086553,"Pre-1990","peripheral"
-0.825833204078124,-1.33380860551127,"Pre-1990","peripheral"
-0.744275401773913,-1.33231314933447,"Pre-1990","peripheral"
-0.662569148989926,-1.32964203082813,"Pre-1990","peripheral"
-0.580795892295856,-1.32579791262125,"Pre-1990","peripheral"
-0.499037145052352,-1.32078462661449,"Pre-1990","peripheral"
-0.417374406156728,-1.31460717016034,"Pre-1990","peripheral"
-0.335889078803087,-1.30727170108176,"Pre-1990","peripheral"
-0.254662389337852,-1.29878553153384,"Pre-1990","peripheral"
-0.173775306291569,-1.28915712071496,"Pre-1990","peripheral"
-0.0933084596677237,-1.2783960664344,"Pre-1990","peripheral"
-0.0133420605689962,-1.2665130955451,"Pre-1990","peripheral"
0.0660441787589107,-1.25352005325087,"Pre-1990","peripheral"
0.144771124386171,-1.23942989129884,"Pre-1990","peripheral"
0.222760299581257,-1.22425665506887,"Pre-1990","peripheral"
0.299933963038252,-1.20801546957282,"Pre-1990","peripheral"
0.376215186371077,-1.1907225243776,"Pre-1990","peripheral"
0.451527930797376,-1.17239505746705,"Pre-1990","peripheral"
0.52579712293563,-1.15305133805877,"Pre-1990","peripheral"
0.598948729639933,-1.13271064839296,"Pre-1990","peripheral"
0.670909831797849,-1.11139326451142,"Pre-1990","peripheral"
0.74160869701776,-1.08912043604603,"Pre-1990","peripheral"
0.810974851133283,-1.06591436503657,"Pre-1990","peripheral"
0.878939148453441,-1.0417981837993,"Pre-1990","peripheral"
0.945433840688604,-1.01679593186815,"Pre-1990","peripheral"
1.01039264448345,-0.990932532031588,"Pre-1990","peripheral"
1.07375080748965,-0.964233765489038,"Pre-1990","peripheral"
1.13544517291243,-0.936726246151625,"Pre-1990","peripheral"
1.19541424246663,-0.908437394112849,"Pre-1990","peripheral"
1.25359823767953,-0.879395408315637,"Pre-1990","peripheral"
1.30993915947934,-0.849629238443027,"Pre-1990","peripheral"
1.36438084600993,-0.819168556060494,"Pre-1990","peripheral"
1.41686902861418,-0.788043725038683,"Pre-1990","peripheral"
1.46735138593017,-0.756285771286049,"Pre-1990","peripheral"
1.51577759604627,-0.723926351821554,"Pre-1990","peripheral"
1.56209938666307,-0.690997723218262,"Pre-1990","peripheral"
1.6062705832123,-0.657532709449285,"Pre-1990","peripheral"
1.64824715488461,-0.623564669168133,"Pre-1990","peripheral"
1.68798725852047,-0.589127462456084,"Pre-1990","peripheral"
1.72545128032033,-0.554255417069716,"Pre-1990","peripheral"
1.76060187533249,-0.518983294222256,"Pre-1990","peripheral"
1.79340400467941,-0.483346253932844,"Pre-1990","peripheral"
1.82382497048518,-0.447379819978262,"Pre-1990","peripheral"
1.85183444846951,-0.411119844482062,"Pre-1990","peripheral"
1.8774045181756,-0.374602472176388,"Pre-1990","peripheral"
1.90050969080188,-0.337864104372121,"Pre-1990","peripheral"
1.92112693460978,-0.300941362673263,"Pre-1990","peripheral"
1.93923569788231,-0.26387105247172,"Pre-1990","peripheral"
1.95481792941042,-0.226690126258895,"Pre-1990","peripheral"
1.96785809648683,-0.189435646790633,"Pre-1990","peripheral"
1.97834320038941,-0.152144750142267,"Pre-1990","peripheral"
1.98626278933858,-0.114854608690566,"Pre-1990","peripheral"
1.99160896891582,-0.0776023940595006,"Pre-1990","peripheral"
1.99437640993307,-0.040425240066764,"Pre-1990","peripheral"
1.99456235374495,-0.00336020570797121,"Pre-1990","peripheral"
1.99216661499861,0.0335557617845502,"Pre-1990","peripheral"
1.98719158181853,0.0702858637715687,"Pre-1990","peripheral"
1.97964221342599,0.10679348688863,"Pre-1990","peripheral"
1.96952603519559,0.143042239543056,"Pre-1990","peripheral"
1.95685313115378,0.178995988189876,"Pre-1990","peripheral"
1.94163613392692,0.214618893350529,"Pre-1990","peripheral"
1.92389021214878,0.249875445338435,"Pre-1990","peripheral"
1.90363305534012,0.284730499655827,"Pre-1990","peripheral"
1.88088485627539,0.319149312026544,"Pre-1990","peripheral"
1.85566829085414,0.353097573029888,"Pre-1990","peripheral"
1.82800849549719,0.386541442300997,"Pre-1990","peripheral"
1.79793304209007,0.419447582263652,"Pre-1990","peripheral"
1.76547191049883,0.451783191361911,"Pre-1990","peripheral"
1.73065745868537,0.483516036757399,"Pre-1990","peripheral"
1.69352439045241,0.514614486459711,"Pre-1990","peripheral"
1.65410972084991,0.545047540857866,"Pre-1990","peripheral"
1.6124527392777,0.574784863621393,"Pre-1990","peripheral"
1.56859497032097,0.603796811940243,"Pre-1990","peripheral"
1.52258013235762,0.632054466073391,"Pre-1990","peripheral"
1.47445409397883,0.659529658176659,"Pre-1990","peripheral"
1.42426482826629,0.686195000381037,"Pre-1990","peripheral"
1.37206236497156,0.712023912093509,"Pre-1990","peripheral"
1.31789874064535,0.73699064649316,"Pre-1990","peripheral"
1.2618279467663,0.761070316196173,"Pre-1990","peripheral"
1.20390587592116,0.784238918064111,"Pre-1990","peripheral"
1.14419026608982,0.806473357130771,"Pre-1990","peripheral"
1.08274064309084,0.827751469623744,"Pre-1990","peripheral"
1.01961826124481,0.848052045057747,"Pre-1990","peripheral"
0.954886042314704,0.867354847377699,"Pre-1990","peripheral"
0.888608512784138,0.885640635130456,"Pre-1990","peripheral"
0.820851739535927,0.902891180645113,"Pre-1990","peripheral"
0.751683263995192,0.919089288202742,"Pre-1990","peripheral"
0.681172034802608,0.934218811177459,"Pre-1990","peripheral"
0.609388339084885,0.948264668131731,"Pre-1990","peripheral"
0.536403732391041,0.961212857849883,"Pre-1990","peripheral"
0.462290967364276,0.973050473294808,"Pre-1990","peripheral"
0.387123921220542,0.983765714473994,"Pre-1990","peripheral"
0.310977522106148,0.993347900201999,"Pre-1990","peripheral"
0.23392767440773,1.0017874787477,"Pre-1990","peripheral"
0.156051183089131,1.00907603735567,"Pre-1990","peripheral"
0.0774256771305295,1.01520631063216,"Pre-1990","peripheral"
-0.00187046785381872,1.02017218778747,"Pre-1990","peripheral"
-0.0817582077420839,1.02396871872724,"Pre-1990","peripheral"
-0.162157908697779,1.02659211898687,"Pre-1990","peripheral"
-0.242989426550485,1.02803977350393,"Pre-1990","peripheral"
-0.324172186685307,1.02831023922491,"Pre-1990","peripheral"
-0.405625264361414,1.02740324654371,"Pre-1990","peripheral"
-0.48726746537956,1.02531969957034,"Pre-1990","peripheral"
-0.569017407018249,1.02206167522975,"Pre-1990","peripheral"
-0.650793599157781,1.01763242119145,"Pre-1990","peripheral"
-0.732514525511396,1.01203635263219,"Pre-1990","peripheral"
-0.814098724882465,1.00527904783481,"Pre-1990","peripheral"
-0.895464872366786,0.997367242627701,"Pre-1990","peripheral"
-0.976531860419029,0.988308823670344,"Pre-1990","peripheral"
-1.05721887970248,0.978112820591759,"Pre-1990","peripheral"
-1.13744549964158,0.966789396989553,"Pre-1990","peripheral"
-1.21713174859681,0.954349840298631,"Pre-1990","peripheral"
-1.29619819358224,0.940806550539634,"Pre-1990","peripheral"
-1.374566019446,0.926173027958328,"Pre-1990","peripheral"
-1.45215710743494,0.910463859568267,"Pre-1990","peripheral"
-1.52889411306513,0.893694704610139,"Pre-1990","peripheral"
-1.60470054322052,0.875882278942297,"Pre-1990","peripheral"
-1.67950083240291,0.857044338378025,"Pre-1990","peripheral"
-1.75322041805732,0.837199660986159,"Pre-1990","peripheral"
-1.82578581489753,0.816368028372697,"Pre-1990","peripheral"
-1.89712468815785,0.794570205962067,"Pre-1990","peripheral"
-1.96716592569796,0.771827922297701,"Pre-1990","peripheral"
-2.03583970888905,0.748163847382547,"Pre-1990","peripheral"
-2.10307758221054,0.723601570081117,"Pre-1990","peripheral"
-2.16881252148803,0.698165574605597,"Pre-1990","peripheral"
-2.23297900070448,0.671881216109452,"Pre-1990","peripheral"
-2.29551305731793,0.644774695412851,"Pre-1990","peripheral"
-2.35635235602077,0.616873032885131,"Pre-1990","peripheral"
-2.41543625087696,0.588204041510293,"Pre-1990","peripheral"
-2.47270584577516,0.558796299162424,"Pre-1990","peripheral"
-2.5281040531377,0.528679120118645,"Pre-1990","peripheral"
-2.5815756508267,0.497882525838005,"Pre-1990","peripheral"
-2.63306733719069,0.466437215035436,"Pre-1990","peripheral"
-2.6825277841969,0.434374533080608,"Pre-1990","peripheral"
-2.72990768859609,0.401726440752183,"Pre-1990","peripheral"
-2.77515982106916,0.368525482378611,"Pre-1990","peripheral"
-2.81823907330633,0.334804753397243,"Pre-1990","peripheral"
-2.8591025029721,0.300597867364074,"Pre-1990","peripheral"
-2.89770937651109,0.265938922447021,"Pre-1990","peripheral"
-2.93402120975215,0.23086246743613,"Pre-1990","peripheral"
-2.96800180627022,0.195403467304584,"Pre-1990","peripheral"
-2.99961729346767,0.159597268354866,"Pre-1990","peripheral"
-3.02883615633932,0.123479562984787,"Pre-1990","peripheral"
-3.0556292688872,0.0870863541085378,"Pre-1990","peripheral"
-3.07996992315405,0.0504539192681932,"Pre-1990","peripheral"
-3.10183385584634,0.0136187744714698,"Pre-1990","peripheral"
-3.12119927252047,-0.0233823622082193,"Pre-1990","peripheral"
-3.13804686930795,-0.0605126072331458,"Pre-1990","peripheral"
-3.15235985215791,-0.0977349483675722,"Pre-1990","peripheral"
-3.16412395357776,-0.135012281572356,"Pre-1990","peripheral"
-3.17332744685537,-0.172307447991067,"Pre-1990","peripheral"
-3.17996115774849,-0.209583270990733,"Pre-1990","peripheral"
-3.18401847362982,-0.24680259322033,"Pre-1990","peripheral"
-3.18549535007867,-0.283928313650025,"Pre-1990","peripheral"
-3.18439031491247,-0.320923424554296,"Pre-1990","peripheral"
-1.68120338037727,-0.206038673688323,"Menem/Crisis","metropolitan"
-1.67951591681302,-0.24006717214654,"Menem/Crisis","metropolitan"
-1.67610104075762,-0.27401996096433,"Menem/Crisis","metropolitan"
-1.67096215623378,-0.307863195263407,"Menem/Crisis","metropolitan"
-1.66410438579336,-0.341563139371811,"Menem/Crisis","metropolitan"
-1.65553456541107,-0.37508620045236,"Menem/Crisis","metropolitan"
-1.64526123767024,-0.408398961988721,"Menem/Crisis","metropolitan"
-1.63329464324738,-0.441468217095719,"Menem/Crisis","metropolitan"
-1.61964671070407,-0.474261001620686,"Menem/Crisis","metropolitan"
-1.60433104459626,-0.506744627002842,"Menem/Crisis","metropolitan"
-1.58736291191302,-0.538886712857961,"Menem/Crisis","metropolitan"
-1.56875922685802,-0.57065521925585,"Menem/Crisis","metropolitan"
-1.54853853398912,-0.602018478658441,"Menem/Crisis","metropolitan"
-1.52672098973271,-0.632945227486683,"Menem/Crisis","metropolitan"
-1.50332834229138,-0.66340463728476,"Menem/Crisis","metropolitan"
-1.47838390996486,-0.693366345450566,"Menem/Crisis","metropolitan"
-1.45191255790575,-0.722800485501803,"Menem/Crisis","metropolitan"
-1.42394067333349,-0.751677716847545,"Menem/Crisis","metropolitan"
-1.39449613923094,-0.779969254035575,"Menem/Crisis","metropolitan"
-1.36360830655004,-0.807646895446349,"Menem/Crisis","metropolitan"
-1.33130796495414,-0.834683051404985,"Menem/Crisis","metropolitan"
-1.29762731212621,-0.861050771683251,"Menem/Crisis","metropolitan"
-1.26259992167345,-0.886723772364137,"Menem/Crisis","metropolitan"
-1.22626070966044,-0.911676462042237,"Menem/Crisis","metropolitan"
-1.188645899804,-0.935883967333817,"Menem/Crisis","metropolitan"
-1.14979298736464,-0.959322157671147,"Menem/Crisis","metropolitan"
-1.10974070177042,-0.981967669356372,"Menem/Crisis","metropolitan"
-1.06852896801068,-1.00379792885096,"Menem/Crisis","metropolitan"
-1.02619886683788,-1.02479117527748,"Menem/Crisis","metropolitan"
-0.982792593817453,-1.04492648211136,"Menem/Crisis","metropolitan"
-0.938353417266332,-1.06418377804083,"Menem/Crisis","metropolitan"
-0.89292563512215,-1.08254386697453,"Menem/Crisis","metropolitan"
-0.846554530786095,-1.0999884471765,"Menem/Crisis","metropolitan"
-0.799286327983432,-1.11650012950982,"Menem/Crisis","metropolitan"
-0.751168144686688,-1.13206245477046,"Menem/Crisis","metropolitan"
-0.70224794614743,-1.14665991009415,"Menem/Crisis","metropolitan"
-0.652574497083461,-1.16027794441997,"Menem/Crisis","metropolitan"
-0.60219731306909,-1.17290298299513,"Menem/Crisis","metropolitan"
-0.551166611176927,-1.18452244090663,"Menem/Crisis","metropolitan"
-0.499533259920416,-1.19512473562611,"Menem/Crisis","metropolitan"
-0.447348728546995,-1.20469929855563,"Menem/Crisis","metropolitan"
-0.394665035732428,-1.21323658556264,"Menem/Crisis","metropolitan"
-0.341534697727457,-1.22072808649377,"Menem/Crisis","metropolitan"
-0.288010676008468,-1.22716633365799,"Menem/Crisis","metropolitan"
-0.23414632448433,-1.23254490927049,"Menem/Crisis","metropolitan"
-0.179995336312068,-1.23685845185015,"Menem/Crisis","metropolitan"
-0.125611690374347,-1.2401026615639,"Menem/Crisis","metropolitan"
-0.0710495974721548,-1.24227430451294,"Menem/Crisis","metropolitan"
-0.0163634462862945,-1.24337121595637,"Menem/Crisis","metropolitan"
0.038392250838437,-1.24339230246899,"Menem/Crisis","metropolitan"
0.0931629122323382,-1.24233754303132,"Menem/Crisis","metropolitan"
0.147893941308998,-1.24020798905049,"Menem/Crisis","metropolitan"
0.202530780988361,-1.23700576331223,"Menem/Crisis","metropolitan"
0.257018968080412,-1.2327340578648,"Menem/Crisis","metropolitan"
0.311304187575268,-1.22739713083708,"Menem/Crisis","metropolitan"
0.36533232678556,-1.22100030219401,"Menem/Crisis","metropolitan"
0.419049529287138,-1.21354994843349,"Menem/Crisis","metropolitan"
0.472402248604326,-1.20505349623017,"Menem/Crisis","metropolitan"
0.525337301586212,-1.19551941503239,"Menem/Crisis","metropolitan"
0.577801921420769,-1.18495720861963,"Menem/Crisis","metropolitan"
0.629743810233965,-1.17337740562896,"Menem/Crisis","metropolitan"
0.681111191221418,-1.16079154905981,"Menem/Crisis","metropolitan"
0.731852860260637,-1.14721218476774,"Menem/Crisis","metropolitan"
0.781918236952414,-1.13265284895838,"Menem/Crisis","metropolitan"
0.831257415040456,-1.11712805469431,"Menem/Crisis","metropolitan"
0.879821212159035,-1.10065327742807,"Menem/Crisis","metropolitan"
0.927561218859035,-1.08324493957594,"Menem/Crisis","metropolitan"
0.974429846863544,-1.06492039414767,"Menem/Crisis","metropolitan"
1.02038037650488,-1.04569790744866,"Menem/Crisis","metropolitan"
1.06536700329579,-1.0255966408717,"Menem/Crisis","metropolitan"
1.10934488358833,-1.00463663179647,"Menem/Crisis","metropolitan"
1.15227017927501,-0.982838773615839,"Menem/Crisis","metropolitan"
1.19410010148756,-0.960224794908899,"Menem/Crisis","metropolitan"
1.23479295324982,-0.936817237781427,"Menem/Crisis","metropolitan"
1.27430817104218,-0.912639435395425,"Menem/Crisis","metropolitan"
1.31260636523617,-0.887715488710123,"Menem/Crisis","metropolitan"
1.34964935935895,-0.862070242457614,"Menem/Crisis","metropolitan"
1.38540022814835,-0.835729260377086,"Menem/Crisis","metropolitan"
1.41982333436088,-0.808718799732332,"Menem/Crisis","metropolitan"
1.45288436429564,-0.781065785137936,"Menem/Crisis","metropolitan"
1.48455036199899,-0.752797781720234,"Menem/Crisis","metropolitan"
1.51478976211576,-0.723942967639796,"Menem/Crisis","metropolitan"
1.54357242135428,-0.694530106002822,"Menem/Crisis","metropolitan"
1.57086964853387,-0.664588516189451,"Menem/Crisis","metropolitan"
1.59665423318481,-0.63414804462757,"Menem/Crisis","metropolitan"
1.62090047267239,-0.60323903504124,"Menem/Crisis","metropolitan"
1.64358419781776,-0.571892298203415,"Menem/Crisis","metropolitan"
1.66468279699041,-0.540139081223093,"Menem/Crisis","metropolitan"
1.68417523864781,-0.508011036397518,"Menem/Crisis","metropolitan"
1.70204209230022,-0.475540189660481,"Menem/Crisis","metropolitan"
1.71826554787935,-0.442758908658175,"Menem/Crisis","metropolitan"
1.73282943349186,-0.409699870484419,"Menem/Crisis","metropolitan"
1.74571923153984,-0.37639602910742,"Menem/Crisis","metropolitan"
1.75692209319227,-0.342880582520544,"Menem/Crisis","metropolitan"
1.76642685119303,-0.309186939649831,"Menem/Crisis","metropolitan"
1.77422403099262,-0.275348687051252,"Menem/Crisis","metropolitan"
1.78030586019266,-0.241399555430899,"Menem/Crisis","metropolitan"
1.78466627629353,-0.207373386021487,"Menem/Crisis","metropolitan"
1.78730093273764,-0.173304096848671,"Menem/Crisis","metropolitan"
1.78820720324214,-0.139225648920825,"Menem/Crisis","metropolitan"
1.78738418441688,-0.105172012375972,"Menem/Crisis","metropolitan"
1.78483269666494,-0.0711771326196051,"Menem/Crisis","metropolitan"
1.78055528336479,-0.0372748964871743,"Menem/Crisis","metropolitan"
1.77455620833502,-0.00349909846495072,"Menem/Crisis","metropolitan"
1.76684145158411,0.0301165929970534,"Menem/Crisis","metropolitan"
1.75741870334934,0.0635386690465254,"Menem/Crisis","metropolitan"
1.7462973564311,0.0967338138312079,"Menem/Crisis","metropolitan"
1.73348849682984,0.129668937708863,"Menem/Crisis","metropolitan"
1.71900489269538,0.162311210231748,"Menem/Crisis","metropolitan"
1.70286098159931,0.194628092872719,"Menem/Crisis","metropolitan"
1.6850728561433,0.226587371460344,"Menem/Crisis","metropolitan"
1.66565824791765,0.258157188290686,"Menem/Crisis","metropolitan"
1.64463650982606,0.289306073883761,"Menem/Crisis","metropolitan"
1.62202859679425,0.320002978352993,"Menem/Crisis","metropolitan"
1.59785704488158,0.350217302356422,"Menem/Crisis","metropolitan"
1.57214594881669,0.379918927598792,"Menem/Crisis","metropolitan"
1.54492093797927,0.409078246854118,"Menem/Crisis","metropolitan"
1.51620915085222,0.437666193478823,"Menem/Crisis","metropolitan"
1.48603920796936,0.465654270385988,"Menem/Crisis","metropolitan"
1.45444118338587,0.493014578451878,"Menem/Crisis","metropolitan"
1.42144657469986,0.51971984432639,"Menem/Crisis","metropolitan"
1.3870882716548,0.545743447619725,"Menem/Crisis","metropolitan"
1.35140052335438,0.571059447438166,"Menem/Crisis","metropolitan"
1.31441890412225,0.595642608242532,"Menem/Crisis","metropolitan"
1.27618027804071,0.619468425003505,"Menem/Crisis","metropolitan"
1.23672276220384,0.642513147628785,"Menem/Crisis","metropolitan"
1.19608568872153,0.664753804637688,"Menem/Crisis","metropolitan"
1.1543095655124,0.686168226059626,"Menem/Crisis","metropolitan"
1.11143603592458,0.706735065533614,"Menem/Crisis","metropolitan"
1.06750783722478,0.726433821586782,"Menem/Crisis","metropolitan"
1.02256875799679,0.745244858070695,"Menem/Crisis","metropolitan"
0.976663594492104,0.76314942373509,"Menem/Crisis","metropolitan"
0.929838105976036,0.780129670919529,"Menem/Crisis","metropolitan"
0.88213896911388,0.796168673344341,"Menem/Crisis","metropolitan"
0.833613731442606,0.811250442983097,"Menem/Crisis","metropolitan"
0.784310763974436,0.825359945999826,"Menem/Crisis","metropolitan"
0.734279212979564,0.838483117735076,"Menem/Crisis","metropolitan"
0.683568950996092,0.85060687672586,"Menem/Crisis","metropolitan"
0.632230527115993,0.861719137745554,"Menem/Crisis","metropolitan"
0.580315116596681,0.871808823850708,"Menem/Crisis","metropolitan"
0.527874469848401,0.880865877422785,"Menem/Crisis","metropolitan"
0.474960860848292,0.888881270193816,"Menem/Crisis","metropolitan"
0.421627035032552,0.895847012245969,"Menem/Crisis","metropolitan"
0.367926156718639,0.901756159976079,"Menem/Crisis","metropolitan"
0.313911756109926,0.906602823017178,"Menem/Crisis","metropolitan"
0.259637675935626,0.910382170110144,"Menem/Crisis","metropolitan"
0.205158017779188,0.913090433919601,"Menem/Crisis","metropolitan"
0.15052708814867,0.914724914789287,"Menem/Crisis","metropolitan"
0.0957993443428206,0.915283983433125,"Menem/Crisis","metropolitan"
0.041029340166867,0.914767082559331,"Menem/Crisis","metropolitan"
-0.0137283284479119,0.913174727425939,"Menem/Crisis","metropolitan"
-0.0684190778665886,0.910508505327175,"Menem/Crisis","metropolitan"
-0.122988391160746,0.906771074011211,"Menem/Crisis","metropolitan"
-0.17738187245214,0.901966159030863,"Menem/Crisis","metropolitan"
-0.231545301135687,0.89609855002988,"Menem/Crisis","metropolitan"
-0.28542468592775,0.889174095968521,"Menem/Crisis","metropolitan"
-0.338966318685817,0.881199699293183,"Menem/Crisis","metropolitan"
-0.392116827945948,0.872183309055899,"Menem/Crisis","metropolitan"
-0.444823232124617,0.862133912990541,"Menem/Crisis","metropolitan"
-0.497032992331896,0.851061528553658,"Menem/Crisis","metropolitan"
-0.548694064743372,0.838977192938856,"Menem/Crisis","metropolitan"
-0.599754952478558,0.825892952074681,"Menem/Crisis","metropolitan"
-0.650164756934103,0.811821848616978,"Menem/Crisis","metropolitan"
-0.699873228520634,0.796777908947686,"Menem/Crisis","metropolitan"
-0.748830816752629,0.780776129193041,"Menem/Crisis","metropolitan"
-0.796988719641426,0.763832460275099,"Menem/Crisis","metropolitan"
-0.844298932342105,0.745963792011526,"Menem/Crisis","metropolitan"
-0.890714295005758,0.727187936279448,"Menem/Crisis","metropolitan"
-0.936188539789459,0.707523609260189,"Menem/Crisis","metropolitan"
-0.980676336977048,0.686990412782575,"Menem/Crisis","metropolitan"
-1.02413334016478,0.665608814783403,"Menem/Crisis","metropolitan"
-1.0665162304668,0.643400128904559,"Menem/Crisis","metropolitan"
-1.10778275969632,0.620386493247113,"Menem/Crisis","metropolitan"
-1.14789179247955,0.596590848303582,"Menem/Crisis","metropolitan"
-1.18680334726034,0.572036914090345,"Menem/Crisis","metropolitan"
-1.22447863615464,0.546749166503015,"Menem/Crisis","metropolitan"
-1.26088010361515,0.520752812918337,"Menem/Crisis","metropolitan"
-1.29597146386744,0.494073767066924,"Menem/Crisis","metropolitan"
-1.32971773708047,0.466738623201886,"Menem/Crisis","metropolitan"
-1.36208528423519,0.438774629589106,"Menem/Crisis","metropolitan"
-1.39304184065668,0.410209661345564,"Menem/Crisis","metropolitan"
-1.42255654817627,0.381072192652831,"Menem/Crisis","metropolitan"
-1.45059998589162,0.351391268373367,"Menem/Crisis","metropolitan"
-1.47714419949414,0.321196475097987,"Menem/Crisis","metropolitan"
-1.50216272913445,0.290517911653293,"Menem/Crisis","metropolitan"
-1.52563063579809,0.259386159098514,"Menem/Crisis","metropolitan"
-1.54752452616534,0.227832250241638,"Menem/Crisis","metropolitan"
-1.56782257593014,0.195887638705237,"Menem/Crisis","metropolitan"
-1.58650455155504,0.163584167572812,"Menem/Crisis","metropolitan"
-1.60355183044045,0.130954037646912,"Menem/Crisis","metropolitan"
-1.61894741948805,0.0980297753506747,"Menem/Crisis","metropolitan"
-1.63267597203985,0.0648442003047844,"Menem/Crisis","metropolitan"
-1.64472380317611,0.0314303926121532,"Menem/Crisis","metropolitan"
-1.65507890335673,-0.00217834011703802,"Menem/Crisis","metropolitan"
-1.66373095039265,-0.0359484959670929,"Menem/Crisis","metropolitan"
-1.67067131973524,-0.0698464121122403,"Menem/Crisis","metropolitan"
-1.67589309307339,-0.103838298372465,"Menem/Crisis","metropolitan"
-1.67939106522988,-0.1378902708963,"Menem/Crisis","metropolitan"
-1.68116174934998,-0.171968385936984,"Menem/Crisis","metropolitan"
-1.68120338037727,-0.206038673688323,"Menem/Crisis","metropolitan"
-2.62540869873156,-0.316861837373503,"Menem/Crisis","intermediate"
-2.61974377891168,-0.358640389062647,"Menem/Crisis","intermediate"
-2.61180148164298,-0.400130836488395,"Menem/Crisis","intermediate"
-2.60158972398012,-0.441291821070434,"Menem/Crisis","intermediate"
-2.5891186852252,-0.482082312644177,"Menem/Crisis","intermediate"
-2.57440079678089,-0.522461650360526,"Menem/Crisis","intermediate"
-2.55745072975845,-0.56238958321749,"Menem/Crisis","intermediate"
-2.53828538035332,-0.601826310183258,"Menem/Crisis","intermediate"
-2.51692385300259,-0.640732519870735,"Menem/Crisis","intermediate"
-2.49338744134128,-0.679069429723985,"Menem/Crisis","intermediate"
-2.46769960697641,-0.716798824677528,"Menem/Crisis","intermediate"
-2.43988595609991,-0.753883095249949,"Menem/Crisis","intermediate"
-2.40997421396386,-0.790285275033847,"Menem/Crisis","intermediate"
-2.37799419724333,-0.825969077544749,"Menem/Crisis","intermediate"
-2.34397778431448,-0.860898932392275,"Menem/Crisis","intermediate"
-2.3079588834775,-0.89504002073747,"Menem/Crisis","intermediate"
-2.26997339915606,-0.928358310000983,"Menem/Crisis","intermediate"
-2.23005919610704,-0.960820587787482,"Menem/Crisis","intermediate"
-2.18825606167606,-0.992394494992491,"Menem/Crisis","intermediate"
-2.14460566613666,-1.02304855805865,"Menem/Crisis","intermediate"
-2.09915152115239,-1.05275222034924,"Menem/Crisis","intermediate"
-2.05193893640351,-1.0814758726077,"Menem/Crisis","intermediate"
-2.00301497442125,-1.1091908824728,"Menem/Crisis","intermediate"
-1.95242840367489,-1.13586962301995,"Menem/Crisis","intermediate"
-1.9002296499583,-1.1614855003004,"Menem/Crisis","intermediate"
-1.84647074612438,-1.18601297985056,"Menem/Crisis","intermediate"
-1.7912052802176,-1.20942761214543,"Menem/Crisis","intermediate"
-1.73448834205628,-1.2317060569703,"Menem/Crisis","intermediate"
-1.67637646831782,-1.25282610668688,"Menem/Crisis","intermediate"
-1.61692758618178,-1.27276670837029,"Menem/Crisis","intermediate"
-1.55620095558673,-1.29150798479513,"Menem/Crisis","intermediate"
-1.49425711015872,-1.30903125424946,"Menem/Crisis","intermediate"
-1.43115779687001,-1.3253190491572,"Menem/Crisis","intermediate"
-1.36696591448833,-1.34035513349018,"Menem/Crisis","intermediate"
-1.30174545087808,-1.35412451895252,"Menem/Crisis","intermediate"
-1.23556141921576,-1.36661347992135,"Menem/Crisis","intermediate"
-1.1684797931835,-1.37780956712877,"Menem/Crisis","intermediate"
-1.10056744120498,-1.38770162007156,"Menem/Crisis","intermediate"
-1.03189205978959,-1.39627977813622,"Menem/Crisis","intermediate"
-0.962522106051052,-1.40353549042824,"Menem/Crisis","intermediate"
-0.892526729467893,-1.4094615242958,"Menem/Crisis","intermediate"
-0.821975702953723,-1.41405197253947,"Menem/Crisis","intermediate"
-0.750939353306088,-1.41730225930061,"Menem/Crisis","intermediate"
-0.679488491103194,-1.4192091446227,"Menem/Crisis","intermediate"
-0.607694340118371,-1.41977072768096,"Menem/Crisis","intermediate"
-0.535628466322675,-1.4189864486772,"Menem/Crisis","intermediate"
-0.463362706546371,-1.41685708939778,"Menem/Crisis","intermediate"
-0.390969096870413,-1.41338477243435,"Menem/Crisis","intermediate"
-0.318519800819317,-1.40857295906796,"Menem/Crisis","intermediate"
-0.24608703742699,-1.40242644581882,"Menem/Crisis","intermediate"
-0.173743009247223,-1.39495135966502,"Menem/Crisis","intermediate"
-0.10155983038062,-1.38615515193499,"Menem/Crisis","intermediate"
-0.0296094545896873,-1.37604659087991,"Menem/Crisis","intermediate"
0.0420363964262329,-1.36463575293326,"Menem/Crisis","intermediate"
0.113306304524719,-1.35193401266647,"Menem/Crisis","intermediate"
0.184129226311427,-1.33795403145047,"Menem/Crisis","intermediate"
0.254434563957685,-1.32270974483457,"Menem/Crisis","intermediate"
0.324152235573954,-1.3062163486552,"Menem/Crisis","intermediate"
0.393212745068969,-1.28849028388835,"Menem/Crisis","intermediate"
0.461547251424961,-1.2695492202609,"Menem/Crisis","intermediate"
0.529087637319882,-1.24941203863698,"Menem/Crisis","intermediate"
0.595766577028225,-1.22809881219718,"Menem/Crisis","intermediate"
0.661517603532778,-1.20563078642913,"Menem/Crisis","intermediate"
0.726275174780393,-1.18203035794953,"Menem/Crisis","intermediate"
0.789974739015723,-1.15732105217874,"Menem/Crisis","intermediate"
0.852552799127823,-1.13152749989015,"Menem/Crisis","intermediate"
0.913946975945447,-1.1046754126576,"Menem/Crisis","intermediate"
0.974096070417966,-1.07679155722562,"Menem/Crisis","intermediate"
1.0329401246199,-1.04790372882772,"Menem/Crisis","intermediate"
1.09042048151832,-1.0180407234795,"Menem/Crisis","intermediate"
1.14647984344338,-0.987232309274113,"Menem/Crisis","intermediate"
1.20106232920398,-0.955509196708871,"Menem/Crisis","intermediate"
1.25411352979125,-0.922903008072275,"Menem/Crisis","intermediate"
1.30558056261472,-0.889446245922267,"Menem/Crisis","intermediate"
1.35541212421678,-0.855172260686965,"Menem/Crisis","intermediate"
1.40355854141311,-0.820115217420229,"Menem/Crisis","intermediate"
1.44997182080797,-0.784310061745197,"Menem/Crisis","intermediate"
1.49460569663508,-0.747792485019723,"Menem/Crisis","intermediate"
1.53741567687634,-0.710598888758459,"Menem/Crisis","intermediate"
1.57835908761242,-0.672766348347031,"Menem/Crisis","intermediate"
1.61739511556108,-0.63433257608449,"Menem/Crisis","intermediate"
1.65448484876072,-0.595335883590873,"Menem/Crisis","intermediate"
1.68959131535867,-0.555815143617343,"Menem/Crisis","intermediate"
1.72267952046555,-0.515809751296988,"Menem/Crisis","intermediate"
1.7537164810389,-0.475359584874899,"Menem/Crisis","intermediate"
1.78267125876146,-0.434504965956659,"Menem/Crisis","intermediate"
1.80951499088109,-0.3932866193149,"Menem/Crisis","intermediate"
1.83422091898182,-0.351745632293955,"Menem/Crisis","intermediate"
1.85676441565722,-0.309923413853106,"Menem/Crisis","intermediate"
1.87712300905955,-0.26786165328923,"Menem/Crisis","intermediate"
1.89527640530015,-0.225602278680002,"Menem/Crisis","intermediate"
1.91120650867884,-0.183187415089074,"Menem/Crisis","intermediate"
1.92489743972215,-0.140659342574898,"Menem/Crisis","intermediate"
1.93633555101226,-0.0980604540450407,"Menem/Crisis","intermediate"
1.94550944079109,-0.0554332129980148,"Menem/Crisis","intermediate"
1.95240996432579,-0.0128201111947394,"Menem/Crisis","intermediate"
1.95703024302443,0.0297363736981738,"Menem/Crisis","intermediate"
1.95936567129273,0.0721938204510799,"Menem/Crisis","intermediate"
1.95941392112499,0.114509906557706,"Menem/Crisis","intermediate"
1.95717494442475,0.156642450423145,"Menem/Crisis","intermediate"
1.95265097305266,0.198549453411388,"Menem/Crisis","intermediate"
1.94584651660177,0.240189141710478,"Menem/Crisis","intermediate"
1.93676835790225,0.281520007973552,"Menem/Crisis","intermediate"
1.92542554626014,0.32250085269427,"Menem/Crisis","intermediate"
1.91182938843673,0.363090825275379,"Menem/Crisis","intermediate"
1.89599343737786,0.40324946474947,"Menem/Crisis","intermediate"
1.87793347870391,0.442936740111362,"Menem/Crisis","intermediate"
1.85766751497447,0.482113090221868,"Menem/Crisis","intermediate"
1.8352157477429,0.520739463243204,"Menem/Crisis","intermediate"
1.81060055741908,0.55877735556671,"Menem/Crisis","intermediate"
1.78384648096002,0.596188850194084,"Menem/Crisis","intermediate"
1.75498018741098,0.632936654533867,"Menem/Crisis","intermediate"
1.72403045132115,0.668984137575516,"Menem/Crisis","intermediate"
1.69102812406054,0.704295366403986,"Menem/Crisis","intermediate"
1.6560061030667,0.738835142018446,"Menem/Crisis","intermediate"
1.61899929905179,0.772569034419404,"Menem/Crisis","intermediate"
1.58004460120287,0.805463416929281,"Menem/Crisis","intermediate"
1.53918084040993,0.837485499712216,"Menem/Crisis","intermediate"
1.49644875055841,0.868603362459685,"Menem/Crisis","intermediate"
1.4518909279248,0.898785986209362,"Menem/Crisis","intermediate"
1.40555178871574,0.928003284265492,"Menem/Crisis","intermediate"
1.35747752479295,0.956226132189965,"Menem/Crisis","intermediate"
1.30771605762822,0.983426396834189,"Menem/Crisis","intermediate"
1.2563169905342,1.00957696438282,"Menem/Crisis","intermediate"
1.20333155921879,1.03465176738142,"Menem/Crisis","intermediate"
1.14881258071224,1.05862581072104,"Menem/Crisis","intermediate"
1.09281440071796,1.0814751965539,"Menem/Crisis","intermediate"
1.03539283943963,1.10317714811528,"Menem/Crisis","intermediate"
0.976605135938289,1.1237100324279,"Menem/Crisis","intermediate"
0.916509891075294,1.14305338186612,"Menem/Crisis","intermediate"
0.855167009097657,1.16118791455857,"Menem/Crisis","intermediate"
0.792637637924191,1.17809555360867,"Menem/Crisis","intermediate"
0.728984108191953,1.1937594451141,"Menem/Crisis","intermediate"
0.664269871123692,1.20816397496718,"Menem/Crisis","intermediate"
0.598559435278301,1.22129478441926,"Menem/Crisis","intermediate"
0.531918302247281,1.23313878439394,"Menem/Crisis","intermediate"
0.464412901361321,1.24368416853445,"Menem/Crisis","intermediate"
0.396110523472114,1.25292042497254,"Menem/Crisis","intermediate"
0.32707925387535,1.26083834680694,"Menem/Crisis","intermediate"
0.257387904441834,1.26743004128095,"Menem/Crisis","intermediate"
0.187105945024307,1.27268893765018,"Menem/Crisis","intermediate"
0.11630343420838,1.27660979373236,"Menem/Crisis","intermediate"
0.0450509494766264,1.27918870113286,"Menem/Crisis","intermediate"
-0.0265804831446031,1.28042308914072,"Menem/Crisis","intermediate"
-0.098519459885454,1.28031172729112,"Menem/Crisis","intermediate"
-0.170694270409405,1.27885472659197,"Menem/Crisis","intermediate"
-0.243032969295697,1.27605353941326,"Menem/Crisis","intermediate"
-0.31546344775608,1.27191095803929,"Menem/Crisis","intermediate"
-0.387913505514435,1.26643111188525,"Menem/Crisis","intermediate"
-0.460310922777566,1.25961946338098,"Menem/Crisis","intermediate"
-0.532583532225476,1.25148280252583,"Menem/Crisis","intermediate"
-0.604659290949305,1.2420292401203,"Menem/Crisis","intermediate"
-0.676466352265276,1.23126819968099,"Menem/Crisis","intermediate"
-0.747933137333039,1.21921040804704,"Menem/Crisis","intermediate"
-0.818988406506999,1.20586788468737,"Menem/Crisis","intermediate"
-0.889561330349564,1.19125392971945,"Menem/Crisis","intermediate"
-0.959581560235448,1.17538311065139,"Menem/Crisis","intermediate"
-1.02897929847672,1.15827124786081,"Menem/Crisis","intermediate"
-1.09768536789868,1.13993539882467,"Menem/Crisis","intermediate"
-1.16563128079711,1.12039384111605,"Menem/Crisis","intermediate"
-1.23274930720839,1.09966605418466,"Menem/Crisis","intermediate"
-1.29897254242412,1.0777726999393,"Menem/Crisis","intermediate"
-1.36423497368324,1.05473560215161,"Menem/Crisis","intermediate"
-1.42847154597497,1.03057772470166,"Menem/Crisis","intermediate"
-1.49161822688706,1.00532314868707,"Menem/Crisis","intermediate"
-1.55361207043466,0.978997048418441,"Menem/Crisis","intermediate"
-1.61439127980633,0.951625666325054,"Menem/Crisis","intermediate"
-1.67389526896435,0.923236286795842,"Menem/Crisis","intermediate"
-1.73206472303826,0.893857208981722,"Menem/Crisis","intermediate"
-1.78884165745118,0.863517718586384,"Menem/Crisis","intermediate"
-1.84416947572013,0.832248058673667,"Menem/Crisis","intermediate"
-1.89799302587261,0.800079399520614,"Menem/Crisis","intermediate"
-1.95025865542329,0.767043807546263,"Menem/Crisis","intermediate"
-2.00091426485598,0.733174213347137,"Menem/Crisis","intermediate"
-2.04990935955756,0.698504378871322,"Menem/Crisis","intermediate"
-2.09719510015209,0.663068863763808,"Menem/Crisis","intermediate"
-2.14272435118501,0.626902990916696,"Menem/Crisis","intermediate"
-2.18645172810873,0.59004281125856,"Menem/Crisis","intermediate"
-2.22833364252295,0.552525067818107,"Menem/Crisis","intermediate"
-2.26832834562457,0.514387159097922,"Menem/Crisis","intermediate"
-2.30639596982373,0.475667101794826,"Menem/Crisis","intermediate"
-2.34249856848476,0.43640349290401,"Menem/Crisis","intermediate"
-2.37660015375217,0.396635471244707,"Menem/Crisis","intermediate"
-2.40866673242412,0.356402678445768,"Menem/Crisis","intermediate"
-2.43866633983762,0.315745219430025,"Menem/Crisis","intermediate"
-2.46656907173159,0.274703622436828,"Menem/Crisis","intermediate"
-2.49234711405606,0.233318798622619,"Menem/Crisis","intermediate"
-2.51597477069782,0.191632001279797,"Menem/Crisis","intermediate"
-2.53742848909488,0.149684784714545,"Menem/Crisis","intermediate"
-2.55668688371419,0.10751896282459,"Menem/Crisis","intermediate"
-2.57373075736915,0.0651765674181962,"Menem/Crisis","intermediate"
-2.58854312035585,0.0226998063159554,"Menem/Crisis","intermediate"
-2.60110920738873,-0.0198689787228983,"Menem/Crisis","intermediate"
-2.61141649231894,-0.0624873542076658,"Menem/Crisis","intermediate"
-2.61945470062072,-0.105112837214813,"Menem/Crisis","intermediate"
-2.62521581963321,-0.147702937735877,"Menem/Crisis","intermediate"
-2.62869410654769,-0.190215201032421,"Menem/Crisis","intermediate"
-2.62988609413212,-0.232607249955851,"Menem/Crisis","intermediate"
-2.62879059418735,-0.274836827189872,"Menem/Crisis","intermediate"
-2.62540869873156,-0.316861837373502,"Menem/Crisis","intermediate"
-2.90377296801131,-0.397961251403934,"Menem/Crisis","peripheral"
-2.89589902092206,-0.439648919564642,"Menem/Crisis","peripheral"
-2.88562938267568,-0.480912100923116,"Menem/Crisis","peripheral"
-2.87297429027094,-0.521709663442801,"Menem/Crisis","peripheral"
-2.85794635857914,-0.562000939226126,"Menem/Crisis","peripheral"
-2.84056056776944,-0.601745765053149,"Menem/Crisis","peripheral"
-2.82083424837619,-0.640904522417129,"Menem/Crisis","peripheral"
-2.79878706402359,-0.679438177017115,"Menem/Crisis","peripheral"
-2.77444099182446,-0.717308317668185,"Menem/Crisis","peripheral"
-2.74782030047305,-0.754477194590552,"Menem/Crisis","peripheral"
-2.71895152605342,-0.790907757039362,"Menem/Crisis","peripheral"
-2.68786344558775,-0.826563690237689,"Menem/Crisis","peripheral"
-2.65458704835075,-0.861409451575887,"Menem/Crisis","peripheral"
-2.61915550497885,-0.895410306041241,"Menem/Crisis","peripheral"
-2.58160413440505,-0.928532360842581,"Menem/Crisis","peripheral"
-2.54197036865219,-0.960742599195353,"Menem/Crisis","peripheral"
-2.5002937155199,-0.992008913233472,"Menem/Crisis","peripheral"
-2.45661571920242,-1.02230013601513,"Menem/Crisis","peripheral"
-2.41097991887634,-1.05158607259071,"Menem/Crisis","peripheral"
-2.36343180529992,-1.07983753010172,"Menem/Crisis","peripheral"
-2.31401877546683,-1.10702634688091,"Menem/Crisis","peripheral"
-2.26279008535982,-1.13312542052442,"Menem/Crisis","peripheral"
-2.20979680085129,-1.15810873490806,"Menem/Crisis","peripheral"
-2.15509174679972,-1.18195138612072,"Menem/Crisis","peripheral"
-2.09872945439269,-1.20462960728914,"Menem/Crisis","peripheral"
-2.04076610678903,-1.22612079226927,"Menem/Crisis","peripheral"
-1.9812594831142,-1.24640351818054,"Menem/Crisis","peripheral"
-1.92026890086479,-1.26545756676066,"Menem/Crisis","peripheral"
-1.85785515677961,-1.28326394451961,"Menem/Crisis","peripheral"
-1.7940804662361,-1.29980490167282,"Menem/Crisis","peripheral"
-1.72900840123275,-1.31506394983444,"Menem/Crisis","peripheral"
-1.66270382701912,-1.32902587845344,"Menem/Crisis","peripheral"
-1.59523283743675,-1.34167676997573,"Menem/Crisis","peripheral"
-1.5266626890354,-1.3530040137175,"Menem/Crisis","peripheral"
-1.45706173403024,-1.36299631843586,"Menem/Crisis","peripheral"
-1.38649935216686,-1.37164372358415,"Menem/Crisis","peripheral"
-1.31504588156207,-1.37893760924086,"Menem/Crisis","peripheral"
-1.24277254858933,-1.38487070470215,"Menem/Crisis","peripheral"
-1.16975139687871,-1.38943709572942,"Menem/Crisis","peripheral"
-1.09605521550228,-1.39263223044479,"Menem/Crisis","peripheral"
-1.02175746641635,-1.39445292386849,"Menem/Crisis","peripheral"
-0.946932211233009,-1.39489736109373,"Menem/Crisis","peripheral"
-0.871654037393902,-1.3939650990958,"Menem/Crisis","peripheral"
-0.795997983819834,-1.39165706717374,"Menem/Crisis","peripheral"
-0.72003946611035,-1.38797556602398,"Menem/Crisis","peripheral"
-0.64385420136782,-1.3829242654469,"Menem/Crisis","peripheral"
-0.567518132720992,-1.3765082006888,"Menem/Crisis","peripheral"
-0.491107353623222,-1.36873376742255,"Menem/Crisis","peripheral"
-0.414698032000871,-1.3596087153723,"Menem/Crisis","peripheral"
-0.338366334327455,-1.34914214058839,"Menem/Crisis","peripheral"
-0.26218834969925,-1.33734447638019,"Menem/Crisis","peripheral"
-0.186240013988026,-1.32422748291595,"Menem/Crisis","peripheral"
-0.110597034146518,-1.30980423550002,"Menem/Crisis","peripheral"
-0.0353348127420889,-1.2940891115391,"Menem/Crisis","peripheral"
0.0394716272061884,-1.27709777621052,"Menem/Crisis","peripheral"
0.11374771701211,-1.25884716684685,"Menem/Crisis","peripheral"
0.187419416654025,-1.23935547605241,"Menem/Crisis","peripheral"
0.260413288579545,-1.2186421335685,"Menem/Crisis","peripheral"
0.332656570909689,-1.19672778690535,"Menem/Crisis","peripheral"
0.404077249969508,-1.17363428076033,"Menem/Crisis","peripheral"
0.474604132072884,-1.14938463524256,"Menem/Crisis","peripheral"
0.544166914489942,-1.12400302292609,"Menem/Crisis","peripheral"
0.612696255526342,-1.09751474475407,"Menem/Crisis","peripheral"
0.680123843644585,-1.06994620481822,"Menem/Crisis","peripheral"
0.746382465558444,-1.04132488403871,"Menem/Crisis","peripheral"
0.811406073232626,-1.01167931277054,"Menem/Crisis","peripheral"
0.87512984972089,-0.981039042363865,"Menem/Crisis","peripheral"
0.937490273776991,-0.949434615706589,"Menem/Crisis","peripheral"
0.998425183174035,-0.916897536778523,"Menem/Crisis","peripheral"
1.05787383666915,-0.883460239247547,"Menem/Crisis","peripheral"
1.11577697455165,-0.849156054139023,"Menem/Crisis","peripheral"
1.17207687771445,-0.814019176610703,"Menem/Crisis","peripheral"
1.22671742518968,-0.77808463186625,"Menem/Crisis","peripheral"
1.27964415009131,-0.74138824024136,"Menem/Crisis","peripheral"
1.33080429390894,-0.703966581497263,"Menem/Crisis","peripheral"
1.38014685909859,-0.665856958357228,"Menem/Crisis","peripheral"
1.42762265991818,-0.627097359322398,"Menem/Crisis","peripheral"
1.47318437145699,-0.58772642080402,"Menem/Crisis","peripheral"
1.51678657681009,-0.547783388609834,"Menem/Crisis","peripheral"
1.55838581235094,-0.507308078822999,"Menem/Crisis","peripheral"
1.59794061105685,-0.466340838112553,"Menem/Crisis","peripheral"
1.63541154384427,-0.424922503514979,"Menem/Crisis","peripheral"
1.67076125887248,-0.383094361726954,"Menem/Crisis","peripheral"
1.70395451877676,-0.340898107949876,"Menem/Crisis","peripheral"
1.73495823579378,-0.29837580432718,"Menem/Crisis","peripheral"
1.76374150474415,-0.255569838015878,"Menem/Crisis","peripheral"
1.79027563383941,-0.212522878934117,"Menem/Crisis","peripheral"
1.81453417328262,-0.169277837226882,"Menem/Crisis","peripheral"
1.8364929416341,-0.125877820492223,"Menem/Crisis","peripheral"
1.85613004991601,-0.0823660908106694,"Menem/Crisis","peripheral"
1.87342592343175,-0.0387860216206473,"Menem/Crisis","peripheral"
1.88836332127846,0.00481894551711115,"Menem/Crisis","peripheral"
1.9009273535331,0.0484053442230573,"Menem/Crisis","peripheral"
1.9111054960951,0.0919297266270593,"Menem/Crisis","peripheral"
1.91888760317058,0.135348706678184,"Menem/Crisis","peripheral"
1.92426591738598,0.178619003392855,"Menem/Crisis","peripheral"
1.92723507752073,0.22169748399828,"Menem/Crisis","peripheral"
1.92779212385142,0.264541206928136,"Menem/Crisis","peripheral"
1.92593650110215,0.307107464627656,"Menem/Crisis","peripheral"
1.92167005899805,0.349353826125449,"Menem/Crisis","peripheral"
1.91499705042139,0.391238179329613,"Menem/Crisis","peripheral"
1.90592412717223,0.432718773005991,"Menem/Crisis","peripheral"
1.89446033333779,0.473754258396698,"Menem/Crisis","peripheral"
1.88061709627708,0.514303730437472,"Menem/Crisis","peripheral"
1.86440821522984,0.554326768532729,"Menem/Crisis","peripheral"
1.84584984756122,0.593783476847685,"Menem/Crisis","peripheral"
1.82496049265571,0.632634524077403,"Menem/Crisis","peripheral"
1.80176097347657,0.670841182653085,"Menem/Crisis","peripheral"
1.77627441580905,0.708365367346557,"Menem/Crisis","peripheral"
1.74852622520811,0.745169673234454,"Menem/Crisis","peripheral"
1.71854406167361,0.781217412984261,"Menem/Crisis","peripheral"
1.68635781207818,0.81647265342504,"Menem/Crisis","peripheral"
1.65199956037541,0.850900251366401,"Menem/Crisis","peripheral"
1.61550355561781,0.884465888629997,"Menem/Crisis","peripheral"
1.57690617781661,0.91713610625863,"Menem/Crisis","peripheral"
1.53624590167742,0.948878337868868,"Menem/Crisis","peripheral"
1.49356325824775,0.979660942113921,"Menem/Crisis","peripheral"
1.44890079451482,1.00945323422443,"Menem/Crisis","peripheral"
1.40230303099378,1.0382255165957,"Menem/Crisis","peripheral"
1.35381641734871,1.06594910839095,"Menem/Crisis","peripheral"
1.30348928609056,1.09259637413094,"Menem/Crisis","peripheral"
1.25137180439825,1.11814075124167,"Menem/Crisis","peripheral"
1.19751592411099,1.14255677653251,"Menem/Crisis","peripheral"
1.14197532994146,1.16582011157845,"Menem/Crisis","peripheral"
1.08480538596182,1.1879075669812,"Menem/Crisis","peripheral"
1.02606308041555,1.20879712548486,"Menem/Crisis","peripheral"
0.965806968910309,1.22846796392321,"Menem/Crisis","peripheral"
0.904097116048485,1.24690047397672,"Menem/Crisis","peripheral"
0.84099503555345,1.26407628171849,"Menem/Crisis","peripheral"
0.776563628951365,1.27997826592982,"Menem/Crisis","peripheral"
0.710867122869565,1.29459057516704,"Menem/Crisis","peripheral"
0.643971005014054,1.30789864356251,"Menem/Crisis","peripheral"
0.575941958889946,1.31988920534422,"Menem/Crisis","peripheral"
0.506847797329888,1.33055030805944,"Menem/Crisis","peripheral"
0.436757394896759,1.33987132448912,"Menem/Crisis","peripheral"
0.365740619228009,1.34784296324137,"Menem/Crisis","peripheral"
0.293868261390068,1.35445727801332,"Menem/Crisis","peripheral"
0.221211965312289,1.35970767551216,"Menem/Crisis","peripheral"
0.147844156370701,1.36358892202748,"Menem/Crisis","peripheral"
0.0738379691928373,1.36609714864835,"Menem/Crisis","peripheral"
-0.000732825244460167,1.36722985511992,"Menem/Crisis","peripheral"
-0.0757938931515612,1.36698591233574,"Menem/Crisis","peripheral"
-0.15127041202357,1.3653655634633,"Menem/Crisis","peripheral"
-0.227087145225041,1.36237042370158,"Menem/Crisis","peripheral"
-0.303168516987481,1.35800347867103,"Menem/Crisis","peripheral"
-0.379438687744926,1.35226908143744,"Menem/Crisis","peripheral"
-0.455821629732469,1.34517294817267,"Menem/Crisis","peripheral"
-0.532241202772385,1.33672215245669,"Menem/Crisis","peripheral"
-0.608621230172325,1.32692511822645,"Menem/Crisis","peripheral"
-0.684885574659886,1.31579161137874,"Menem/Crisis","peripheral"
-0.760958214277918,1.3033327300353,"Menem/Crisis","peripheral"
-0.836763318164844,1.28956089348002,"Menem/Crisis","peripheral"
-0.912225322144526,1.27448982977908,"Menem/Crisis","peripheral"
-0.987269004050279,1.25813456209653,"Menem/Crisis","peripheral"
-1.06181955870795,1.24051139371889,"Menem/Crisis","peripheral"
-1.13580267250337,1.22163789180366,"Menem/Crisis","peripheral"
-1.20914459745973,1.20153286986801,"Menem/Crisis","peripheral"
-1.28177222475123,1.18021636903503,"Menem/Crisis","peripheral"
-1.3536131575795,1.15770963805634,"Menem/Crisis","peripheral"
-1.42459578334033,1.13403511213085,"Menem/Crisis","peripheral"
-1.49464934500866,1.10921639054087,"Menem/Crisis","peripheral"
-1.56370401167071,1.08327821312782,"Menem/Crisis","peripheral"
-1.63169094813298,1.05624643563105,"Menem/Crisis","peripheral"
-1.69854238353864,1.02814800391424,"Menem/Crisis","peripheral"
-1.76419167892302,0.999010927105203,"Menem/Crisis","peripheral"
-1.82857339364077,0.968864249675766,"Menem/Crisis","peripheral"
-1.8916233505985,0.937738022489609,"Menem/Crisis","peripheral"
-1.95327870022793,0.905663272846915,"Menem/Crisis","peripheral"
-2.01347798313569,0.872671973555675,"Menem/Crisis","peripheral"
-2.07216119136738,0.83879701106051,"Menem/Crisis","peripheral"
-2.12926982822481,0.804072152660733,"Menem/Crisis","peripheral"
-2.1847469665768,0.768532012850382,"Menem/Crisis","peripheral"
-2.23853730560532,0.732212018813735,"Menem/Crisis","peripheral"
-2.29058722593063,0.695148375110722,"Menem/Crisis","peripheral"
-2.34084484306018,0.657378027587433,"Menem/Crisis","peripheral"
-2.38926005910822,0.618938626547696,"Menem/Crisis","peripheral"
-2.4357846127345,0.579868489222435,"Menem/Crisis","peripheral"
-2.48037212725214,0.540206561574218,"Menem/Crisis","peripheral"
-2.52297815685701,0.499992379475078,"Menem/Crisis","peripheral"
-2.56356023093222,0.459266029296299,"Menem/Crisis","peripheral"
-2.60207789638375,0.418068107949438,"Menem/Crisis","peripheral"
-2.63849275796503,0.376439682418455,"Menem/Crisis","peripheral"
-2.67276851655009,0.334422248823236,"Menem/Crisis","peripheral"
-2.70487100531735,0.292057691055371,"Menem/Crisis","peripheral"
-2.73476822380786,0.249388239027374,"Menem/Crisis","peripheral"
-2.76243036982403,0.206456426576985,"Menem/Crisis","peripheral"
-2.78782986913713,0.163305049068522,"Menem/Crisis","peripheral"
-2.81094140297385,0.119977120733525,"Menem/Crisis","peripheral"
-2.83174193325466,0.0765158317932408,"Menem/Crisis","peripheral"
-2.8502107255586,0.0329645054056661,"Menem/Crisis","peripheral"
-2.86632936979186,-0.0106334455199187,"Menem/Crisis","peripheral"
-2.88008179853932,-0.0542345615978755,"Menem/Crisis","peripheral"
-2.89145430308091,-0.0977953802874784,"Menem/Crisis","peripheral"
-2.90043554705679,-0.141272479217311,"Menem/Crisis","peripheral"
-2.90701657776765,-0.184622519469633,"Menem/Crisis","peripheral"
-2.91119083509894,-0.227802288781563,"Menem/Crisis","peripheral"
-2.91295415806018,-0.27076874461999,"Menem/Crisis","peripheral"
-2.91230478893269,-0.313479057087316,"Menem/Crisis","peripheral"
-2.90924337502175,-0.355890651615223,"Menem/Crisis","peripheral"
-2.90377296801131,-0.397961251403933,"Menem/Crisis","peripheral"
-0.551649713452303,1.73656195092619,"Kirchnerismo","metropolitan"
-0.597980941194552,1.7169563297488,"Kirchnerismo","metropolitan"
-0.643592554320951,1.69569575270367,"Kirchnerismo","metropolitan"
-0.68843908618359,1.67280141279638,"Kirchnerismo","metropolitan"
-0.732475832784202,1.64829613160283,"Kirchnerismo","metropolitan"
-0.775658897336078,1.62220433652025,"Kirchnerismo","metropolitan"
-0.817945234021344,1.59455203641743,"Kirchnerismo","metropolitan"
-0.859292690899963,1.56536679570846,"Kirchnerismo","metropolitan"
-0.899660051927708,1.53467770687601,"Kirchnerismo","metropolitan"
-0.939007078041212,1.50251536147124,"Kirchnerismo","metropolitan"
-0.977294547269139,1.46891181961949,"Kirchnerismo","metropolitan"
-1.0144842938295,1.4339005780621,"Kirchnerismo","metropolitan"
-1.05053924617413,1.39751653676604,"Kirchnerismo","metropolitan"
-1.08542346394243,1.35979596413496,"Kirchnerismo","metropolitan"
-1.11910217378748,1.32077646085599,"Kirchnerismo","metropolitan"
-1.15154180403886,1.28049692241858,"Kirchnerismo","metropolitan"
-1.18271001816766,1.23899750034262,"Kirchnerismo","metropolitan"
-1.21257574702019,1.19631956215457,"Kirchnerismo","metropolitan"
-1.24110921978844,1.15250565015134,"Kirchnerismo","metropolitan"
-1.2682819936862,1.10759943899328,"Kirchnerismo","metropolitan"
-1.29406698230152,1.06164569216827,"Kirchnerismo","metropolitan"
-1.31843848259697,1.01469021737053,"Kirchnerismo","metropolitan"
-1.34137220053104,0.966779820838511,"Kirchnerismo","metropolitan"
-1.36284527527494,0.917962260697419,"Kirchnerismo","metropolitan"
-1.38283630200077,0.868286199352866,"Kirchnerismo","metropolitan"
-1.40132535321834,0.817801154983139,"Kirchnerismo","metropolitan"
-1.4182939986393,0.766557452178397,"Kirchnerismo","metropolitan"
-1.43372532354887,0.714606171776026,"Kirchnerismo","metropolitan"
-1.44760394566677,0.661999099942149,"Kirchnerismo","metropolitan"
-1.45991603048067,0.608788676550051,"Kirchnerismo","metropolitan"
-1.47064930503664,0.55502794290697,"Kirchnerismo","metropolitan"
-1.4797930701732,0.500770488881372,"Kirchnerismo","metropolitan"
-1.4873382111864,0.446070399483402,"Kirchnerismo","metropolitan"
-1.49327720691559,0.39098220095177,"Kirchnerismo","metropolitan"
-1.49760413724067,0.335560806400812,"Kirchnerismo","metropolitan"
-1.50031468898338,0.279861461081901,"Kirchnerismo","metropolitan"
-1.50140616020681,0.22393968731378,"Kirchnerismo","metropolitan"
-1.5008774629087,0.167851229136711,"Kirchnerismo","metropolitan"
-1.49872912410602,0.111651996745595,"Kirchnerismo","metropolitan"
-1.49496328530959,0.0553980107574813,"Kirchnerismo","metropolitan"
-1.48958370038945,-0.000854653631004454,"Kirchnerismo","metropolitan"
-1.48259573183282,-0.0570499225406369,"Kirchnerismo","metropolitan"
-1.47400634539874,-0.113131779305252,"Kirchnerismo","metropolitan"
-1.4638241031744,-0.169044320310377,"Kirchnerismo","metropolitan"
-1.4520591550403,-0.224731810719173,"Kirchnerismo","metropolitan"
-1.43872322855258,-0.280138740030127,"Kirchnerismo","metropolitan"
-1.42382961725281,-0.335209877411132,"Kirchnerismo","metropolitan"
-1.40739316741662,-0.389890326754778,"Kirchnerismo","metropolitan"
-1.38943026325467,-0.444125581399988,"Kirchnerismo","metropolitan"
-1.36995881058047,-0.497861578465443,"Kirchnerismo","metropolitan"
-1.34899821896151,-0.551044752740636,"Kirchnerismo","metropolitan"
-1.32656938237136,-0.60362209008084,"Kirchnerismo","metropolitan"
-1.30269465836211,-0.65554118025276,"Kirchnerismo","metropolitan"
-1.27739784577786,-0.706750269178195,"Kirchnerismo","metropolitan"
-1.25070416103156,-0.757198310523627,"Kirchnerismo","metropolitan"
-1.22264021296867,-0.806835016584316,"Kirchnerismo","metropolitan"
-1.19323397634296,-0.855610908412179,"Kirchnerismo","metropolitan"
-1.1625147639306,-0.90347736513748,"Kirchnerismo","metropolitan"
-1.1305131973106,-0.950386672435174,"Kirchnerismo","metropolitan"
-1.09726117634053,-0.996292070087578,"Kirchnerismo","metropolitan"
-1.06279184735805,-1.04114779859598,"Kirchnerismo","metropolitan"
-1.0271395701399,-1.08490914479469,"Kirchnerismo","metropolitan"
-0.990339883651378,-1.12753248642211,"Kirchnerismo","metropolitan"
-0.952429470620279,-1.16897533560436,"Kirchnerismo","metropolitan"
-0.913446120970775,-1.20919638120808,"Kirchnerismo","metropolitan"
-0.873428694153592,-1.24815553002031,"Kirchnerismo","metropolitan"
-0.832417080410068,-1.28581394671422,"Kirchnerismo","metropolitan"
-0.790452161008688,-1.3221340925611,"Kirchnerismo","metropolitan"
-0.747575767493749,-1.35707976284966,"Kirchnerismo","metropolitan"
-0.70383063998677,-1.39061612297579,"Kirchnerismo","metropolitan"
-0.659260384582201,-1.42270974316638,"Kirchnerismo","metropolitan"
-0.613909429879929,-1.45332863180285,"Kirchnerismo","metropolitan"
-0.567822982697878,-1.48244226731113,"Kirchnerismo","metropolitan"
-0.521046983008872,-1.51002162858619,"Kirchnerismo","metropolitan"
-0.473628058146667,-1.53603922392092,"Kirchnerismo","metropolitan"
-0.425613476326818,-1.56046911841047,"Kirchnerismo","metropolitan"
-0.377051099528686,-1.58328695980472,"Kirchnerismo","metropolitan"
-0.327989335785582,-1.60447000278314,"Kirchnerismo","metropolitan"
-0.278477090930583,-1.62399713162779,"Kirchnerismo","metropolitan"
-0.228563719846136,-1.64184888127199,"Kirchnerismo","metropolitan"
-0.178298977266036,-1.65800745670346,"Kirchnerismo","metropolitan"
-0.127732968178827,-1.67245675070278,"Kirchnerismo","metropolitan"
-0.0769160978820597,-1.68518235989946,"Kirchnerismo","metropolitan"
-0.0258990217371924,-1.69617159912951,"Kirchnerismo","metropolitan"
0.0252674053247706,-1.70541351408027,"Kirchnerismo","metropolitan"
0.0765321794965849,-1.71289889220993,"Kirchnerismo","metropolitan"
0.127844198936468,-1.71862027193078,"Kirchnerismo","metropolitan"
0.179152314707525,-1.72257195004708,"Kirchnerismo","metropolitan"
0.230405381764125,-1.72474998744015,"Kirchnerismo","metropolitan"
0.281552309934394,-1.72515221299495,"Kirchnerismo","metropolitan"
0.332542114848003,-1.7237782257643,"Kirchnerismo","metropolitan"
0.383323968758507,-1.72062939536855,"Kirchnerismo","metropolitan"
0.433847251209542,-1.71570886063032,"Kirchnerismo","metropolitan"
0.484061599494397,-1.70902152644564,"Kirchnerismo","metropolitan"
0.53391695885866,-1.70057405889467,"Kirchnerismo","metropolitan"
0.583363632395877,-1.69037487859678,"Kirchnerismo","metropolitan"
0.632352330586519,-1.67843415231668,"Kirchnerismo","metropolitan"
0.680834220430838,-1.66476378283003,"Kirchnerismo","metropolitan"
0.728760974126672,-1.64937739705842,"Kirchnerismo","metropolitan"
0.776084817243643,-1.63229033248581,"Kirchnerismo","metropolitan"
0.822758576345747,-1.61351962186976,"Kirchnerismo","metropolitan"
0.868735726014868,-1.59308397626285,"Kirchnerismo","metropolitan"
0.913970435228321,-1.57100376636103,"Kirchnerismo","metropolitan"
0.958417613044212,-1.54730100219773,"Kirchnerismo","metropolitan"
1.00203295354907,-1.52199931120375,"Kirchnerismo","metropolitan"
1.04477298002296,-1.49512391465493,"Kirchnerismo","metropolitan"
1.08659508827798,-1.46670160253101,"Kirchnerismo","metropolitan"
1.12745758912711,-1.43676070681084,"Kirchnerismo","metropolitan"
1.16731974994082,-1.40533107323043,"Kirchnerismo","metropolitan"
1.20614183525031,-1.37244403153204,"Kirchnerismo","metropolitan"
1.24388514635666,-1.33813236423406,"Kirchnerismo","metropolitan"
1.28051205990652,-1.30243027395264,"Kirchnerismo","metropolitan"
1.31598606539592,-1.26537334930782,"Kirchnerismo","metropolitan"
1.35027180156471,-1.22699852944798,"Kirchnerismo","metropolitan"
1.38333509164545,-1.18734406722813,"Kirchnerismo","metropolitan"
1.41514297743153,-1.14644949107858,"Kirchnerismo","metropolitan"
1.44566375213065,-1.10435556560222,"Kirchnerismo","metropolitan"
1.47486699197085,-1.0611042509394,"Kirchnerismo","metropolitan"
1.50272358652754,-1.01673866094118,"Kirchnerismo","metropolitan"
1.52920576774145,-0.971303020192538,"Kirchnerismo","metropolitan"
1.55428713759843,-0.924842619928277,"Kirchnerismo","metropolitan"
1.57794269444354,-0.877403772885787,"Kirchnerismo","metropolitan"
1.60014885790326,-0.829033767139486,"Kirchnerismo","metropolitan"
1.62088349239093,-0.779780818963034,"Kirchnerismo","metropolitan"
1.64012592917196,-0.729694024766311,"Kirchnerismo","metropolitan"
1.65785698696689,-0.678823312155041,"Kirchnerismo","metropolitan"
1.6740589910717,-0.627219390161873,"Kirchnerismo","metropolitan"
1.68871579097634,-0.574933698698517,"Kirchnerismo","metropolitan"
1.70181277646392,-0.522018357279311,"Kirchnerismo","metropolitan"
1.71333689217447,-0.468526113067368,"Kirchnerismo","metropolitan"
1.72327665061884,-0.414510288295051,"Kirchnerismo","metropolitan"
1.73162214362963,-0.360024727111206,"Kirchnerismo","metropolitan"
1.73836505223791,-0.305123741908159,"Kirchnerismo","metropolitan"
1.74349865496576,-0.249862059181924,"Kirchnerismo","metropolitan"
1.74701783452632,-0.194294764979655,"Kirchnerismo","metropolitan"
1.74891908292487,-0.138477249988675,"Kirchnerismo","metropolitan"
1.74920050495566,-0.0824651543218209,"Kirchnerismo","metropolitan"
1.7478618200911,-0.0263143120541901,"Kirchnerismo","metropolitan"
1.74490436276136,0.0299193044334997,"Kirchnerismo","metropolitan"
1.74033108102423,0.0861796402493828,"Kirchnerismo","metropolitan"
1.73414653362641,0.142410613867186,"Kirchnerismo","metropolitan"
1.72635688545924,0.198556173029519,"Kirchnerismo","metropolitan"
1.71696990141342,0.254560350621972,"Kirchnerismo","metropolitan"
1.7059949386388,0.310367320462362,"Kirchnerismo","metropolitan"
1.69344293721693,0.365921452949483,"Kirchnerismo","metropolitan"
1.67932640925583,0.421167370515897,"Kirchnerismo","metropolitan"
1.66365942641756,0.476050002829508,"Kirchnerismo","metropolitan"
1.64645760589134,0.530514641688855,"Kirchnerismo","metropolitan"
1.62773809482596,0.584506995557446,"Kirchnerismo","metropolitan"
1.60751955323716,0.637973243682737,"Kirchnerismo","metropolitan"
1.58582213540691,0.690860089745833,"Kirchnerismo","metropolitan"
1.56266746979316,0.743114814988413,"Kirchnerismo","metropolitan"
1.53807863747015,0.794685330763935,"Kirchnerismo","metropolitan"
1.5120801491207,0.845520230460741,"Kirchnerismo","metropolitan"
1.4846979206034,0.895568840745268,"Kirchnerismo","metropolitan"
1.45595924711914,0.94478127207435,"Kirchnerismo","metropolitan"
1.42589277600263,0.99310846842618,"Kirchnerismo","metropolitan"
1.39452847816617,1.04050225620043,"Kirchnerismo","metropolitan"
1.36189761822394,1.08691539223875,"Kirchnerismo","metropolitan"
1.32803272332678,1.13230161091775,"Kirchnerismo","metropolitan"
1.29296755073839,1.17661567026762,"Kirchnerismo","metropolitan"
1.25673705418541,1.21981339707026,"Kirchnerismo","metropolitan"
1.21937734901472,1.26185173089215,"Kirchnerismo","metropolitan"
1.18092567619292,1.3026887670079,"Kirchnerismo","metropolitan"
1.14142036518371,1.34228379817181,"Kirchnerismo","metropolitan"
1.10090079574027,1.3805973551957,"Kirchnerismo","metropolitan"
1.05940735865061,1.41759124629271,"Kirchnerismo","metropolitan"
1.0169814154752,1.45322859514766,"Kirchnerismo","metropolitan"
0.973665257316883,1.48747387767618,"Kirchnerismo","metropolitan"
0.929502062664122,1.5202929574359,"Kirchnerismo","metropolitan"
0.884535854349794,1.55165311965437,"Kirchnerismo","metropolitan"
0.838811455668258,1.58152310383988,"Kirchnerismo","metropolitan"
0.792374445694519,1.6098731349426,"Kirchnerismo","metropolitan"
0.745271113850012,1.63667495303497,"Kirchnerismo","metropolitan"
0.697548413760308,1.66190184148185,"Kirchnerismo","metropolitan"
0.649253916450713,1.6855286535722,"Kirchnerismo","metropolitan"
0.600435762926438,1.70753183758591,"Kirchnerismo","metropolitan"
0.551142616184595,1.72788946027063,"Kirchnerismo","metropolitan"
0.501423612705866,1.74658122870534,"Kirchnerismo","metropolitan"
0.451328313474193,1.76358851052876,"Kirchnerismo","metropolitan"
0.400906654573302,1.7788943525125,"Kirchnerismo","metropolitan"
0.35020889740934,1.79248349746041,"Kirchnerismo","metropolitan"
0.299285578609204,1.80434239941727,"Kirchnerismo","metropolitan"
0.248187459644538,1.81445923717171,"Kirchnerismo","metropolitan"
0.19696547623159,1.82282392603983,"Kirchnerismo","metropolitan"
0.145670687557383,1.82942812791787,"Kirchnerismo","metropolitan"
0.0943542253828098,1.83426525959375,"Kirchnerismo","metropolitan"
0.0430672430733766,1.83733049930944,"Kirchnerismo","metropolitan"
-0.00813913539157762,1.83862079156731,"Kirchnerismo","metropolitan"
-0.0592138663803794,1.838134850176,"Kirchnerismo","metropolitan"
-0.110106037490426,1.83587315953243,"Kirchnerismo","metropolitan"
-0.160764918298767,1.83183797413905,"Kirchnerismo","metropolitan"
-0.211140010931304,1.82603331635639,"Kirchnerismo","metropolitan"
-0.26118110040016,1.81846497239357,"Kirchnerismo","metropolitan"
-0.310838304659073,1.80914048654046,"Kirchnerismo","metropolitan"
-0.360062124326914,1.79806915364733,"Kirchnerismo","metropolitan"
-0.408803492029734,1.78526200985959,"Kirchnerismo","metropolitan"
-0.457013821312197,1.7707318216167,"Kirchnerismo","metropolitan"
-0.504645055069613,1.75449307292628,"Kirchnerismo","metropolitan"
-0.551649713452303,1.73656195092619,"Kirchnerismo","metropolitan"
-2.23401099831629,-0.483213906359718,"Kirchnerismo","intermediate"
-2.21333090132852,-0.545150764514597,"Kirchnerismo","intermediate"
-2.19061515337406,-0.606376850201399,"Kirchnerismo","intermediate"
-2.16588639800451,-0.666831131926387,"Kirchnerismo","intermediate"
-2.13916928538099,-0.7264533475468,"Kirchnerismo","intermediate"
-2.11049044770242,-0.785184064341462,"Kirchnerismo","intermediate"
-2.07987847265787,-0.842964738254619,"Kirchnerismo","intermediate"
-2.04736387492983,-0.899737772253919,"Kirchnerismo","intermediate"
-2.01297906577641,-0.955446573744392,"Kirchnerismo","intermediate"
-1.97675832072317,-1.01003561098118,"Kirchnerismo","intermediate"
-1.9387377453965,-1.06345046842477,"Kirchnerismo","intermediate"
-1.89895523953274,-1.11563790098363,"Kirchnerismo","intermediate"
-1.85745045919891,-1.16654588709002,"Kirchnerismo","intermediate"
-1.81426477726268,-1.21612368055627,"Kirchnerismo","intermediate"
-1.76944124215099,-1.26432186115964,"Kirchnerismo","intermediate"
-1.72302453493845,-1.31109238390552,"Kirchnerismo","intermediate"
-1.67506092480826,-1.35638862691967,"Kirchnerismo","intermediate"
-1.62559822293009,-1.40016543792199,"Kirchnerismo","intermediate"
-1.57468573480088,-1.44237917923521,"Kirchnerismo","intermediate"
-1.52237421109602,-1.48298777128395,"Kirchnerismo","intermediate"
-1.46871579707998,-1.52195073454051,"Kirchnerismo","intermediate"
-1.41376398062681,-1.55922922987577,"Kirchnerismo","intermediate"
-1.35757353890223,-1.59478609727485,"Kirchnerismo","intermediate"
-1.30020048376054,-1.62858589287905,"Kirchnerismo","intermediate"
-1.24170200591085,-1.66059492431705,"Kirchnerismo","intermediate"
-1.18213641790808,-1.69078128429019,"Kirchnerismo","intermediate"
-1.12156309602576,-1.71911488237837,"Kirchnerismo","intermediate"
-1.06004242106848,-1.74556747503482,"Kirchnerismo","intermediate"
-0.997635718182955,-1.77011269373989,"Kirchnerismo","intermediate"
-0.934405195727829,-1.7927260712858,"Kirchnerismo","intermediate"
-0.870413883262998,-1.813385066166,"Kirchnerismo","intermediate"
-0.805725568720387,-1.83206908504512,"Kirchnerismo","intermediate"
-0.740404734818753,-1.8487595032868,"Kirchnerismo","intermediate"
-0.674516494785903,-1.86343968351917,"Kirchnerismo","intermediate"
-0.608126527452417,-1.87609499221931,"Kirchnerismo","intermediate"
-0.541301011781558,-1.88671281430028,"Kirchnerismo","intermediate"
-0.474106560900644,-1.89528256568612,"Kirchnerismo","intermediate"
-0.406610155699637,-1.90179570386228,"Kirchnerismo","intermediate"
-0.338879078063128,-1.90624573639098,"Kirchnerismo","intermediate"
-0.270980843802297,-1.90862822738301,"Kirchnerismo","intermediate"
-0.202983135353683,-1.90894080191955,"Kirchnerismo","intermediate"
-0.134953734311858,-1.90718314841949,"Kirchnerismo","intermediate"
-0.0669604538632603,-1.90335701895006,"Kirchnerismo","intermediate"
0.000928928811464558,-1.89746622748035,"Kirchnerismo","intermediate"
0.0686467400992319,-1.88951664607938,"Kirchnerismo","intermediate"
0.136125477413047,-1.87951619906279,"Kirchnerismo","intermediate"
0.203297876480051,-1.86747485509365,"Kirchnerismo","intermediate"
0.270096978392012,-1.8534046172455,"Kirchnerismo","intermediate"
0.33645619635142,-1.83731951103742,"Kirchnerismo","intermediate"
0.402309382046656,-1.81923557045309,"Kirchnerismo","intermediate"
0.467590891590068,-1.79917082195777,"Kirchnerismo","intermediate"
0.532235650953222,-1.77714526652912,"Kirchnerismo","intermediate"
0.596179220834114,-1.75318085971979,"Kirchnerismo","intermediate"
0.659357860891663,-1.72730148977167,"Kirchnerismo","intermediate"
0.721708593283474,-1.69953295380353,"Kirchnerismo","intermediate"
0.783169265443517,-1.66990293209593,"Kirchnerismo","intermediate"
0.843678612037155,-1.63844096049889,"Kirchnerismo","intermediate"
0.90317631603177,-1.60517840098991,"Kirchnerismo","intermediate"
0.961603068822084,-1.57014841041171,"Kirchnerismo","intermediate"
1.01890062935027,-1.53338590742071,"Kirchnerismo","intermediate"
1.07501188216191,-1.49492753767938,"Kirchnerismo","intermediate"
1.1298808943399,-1.45481163732708,"Kirchnerismo","intermediate"
1.18345297125965,-1.41307819476568,"Kirchnerismo","intermediate"
1.2356747111098,-1.36976881079836,"Kirchnerismo","intermediate"
1.28649405812438,-1.32492665716091,"Kirchnerismo","intermediate"
1.33586035447308,-1.2785964334873,"Kirchnerismo","intermediate"
1.3837243907581,-1.23082432275205,"Kirchnerismo","intermediate"
1.43003845506713,-1.18165794523409,"Kirchnerismo","intermediate"
1.47475638053366,-1.13114631104777,"Kirchnerismo","intermediate"
1.51783359135707,-1.07933977128857,"Kirchnerismo","intermediate"
1.55922714723678,-1.02628996784197,"Kirchnerismo","intermediate"
1.59889578617608,-0.972049781905779,"Kirchnerismo","intermediate"
1.63679996561297,-0.916673281276918,"Kirchnerismo","intermediate"
1.67290190183707,-0.860215666455529,"Kirchnerismo","intermediate"
1.7071656076532,-0.802733215619886,"Kirchnerismo","intermediate"
1.73955692825427,-0.74428322852709,"Kirchnerismo","intermediate"
1.77004357526746,-0.684923969395424,"Kirchnerismo","intermediate"
1.79859515894002,-0.624714608825317,"Kirchnerismo","intermediate"
1.8251832184324,-0.563715164816796,"Kirchnerismo","intermediate"
1.84978125018869,-0.501986442942244,"Kirchnerismo","intermediate"
1.87236473435587,-0.439589975734081,"Kirchnerismo","intermediate"
1.89291115922579,-0.376587961347796,"Kirchnerismo","intermediate"
1.9114000436753,-0.313043201561475,"Kirchnerismo","intermediate"
1.9278129575823,-0.249019039173622,"Kirchnerismo","intermediate"
1.94213354019726,-0.184579294861683,"Kirchnerismo","intermediate"
1.95434751645199,-0.119788203564198,"Kirchnerismo","intermediate"
1.96444271118933,-0.0547103504500287,"Kirchnerismo","intermediate"
1.97240906129963,0.010589393461551,"Kirchnerismo","intermediate"
1.97823862575184,0.0760459359656941,"Kirchnerismo","intermediate"
1.98192559350933,0.141594028557307,"Kirchnerismo","intermediate"
1.98346628932247,0.207168331472175,"Kirchnerismo","intermediate"
1.98285917739217,0.272703478819067,"Kirchnerismo","intermediate"
1.98010486290079,0.338134143737872,"Kirchnerismo","intermediate"
1.97520609140892,0.403395103518836,"Kirchnerismo","intermediate"
1.96816774611852,0.468421304617976,"Kirchnerismo","intermediate"
1.95899684300525,0.533147927503868,"Kirchnerismo","intermediate"
1.94770252382477,0.597510451271169,"Kirchnerismo","intermediate"
1.93429604700007,0.661444717956453,"Kirchnerismo","intermediate"
1.91879077639881,0.724886996492268,"Kirchnerismo","intermediate"
1.90120216801192,0.787774046235651,"Kirchnerismo","intermediate"
1.88154775454676,0.850043180007768,"Kirchnerismo","intermediate"
1.8598471279501,0.911632326581871,"Kirchnerismo","intermediate"
1.83612191987847,0.972480092557233,"Kirchnerismo","intermediate"
1.81039578013525,1.03252582355744,"Kirchnerismo","intermediate"
1.78269435309602,1.09170966469196,"Kirchnerismo","intermediate"
1.75304525214569,1.14997262022087,"Kirchnerismo","intermediate"
1.72147803215289,1.20725661236298,"Kirchnerismo","intermediate"
1.68802416000901,1.26350453918916,"Kirchnerismo","intermediate"
1.65271698326136,1.31866033154268,"Kirchnerismo","intermediate"
1.61559169687156,1.37266900893021,"Kirchnerismo","intermediate"
1.57668530813248,1.42547673432757,"Kirchnerismo","intermediate"
1.53603659977853,1.47703086784564,"Kirchnerismo","intermediate"
1.49368609132621,1.52728001920295,"Kirchnerismo","intermediate"
1.44967599868338,1.57617409895262,"Kirchnerismo","intermediate"
1.4040501920675,1.62366436841263,"Kirchnerismo","intermediate"
1.35685415227485,1.66970348824957,"Kirchnerismo","intermediate"
1.3081349253443,1.71424556566756,"Kirchnerismo","intermediate"
1.25794107566079,1.75724620015513,"Kirchnerismo","intermediate"
1.20632263754528,1.79866252774467,"Kirchnerismo","intermediate"
1.15333106537947,1.83845326374013,"Kirchnerismo","intermediate"
1.09901918231492,1.87657874387051,"Kirchnerismo","intermediate"
1.04344112761784,1.91300096382807,"Kirchnerismo","intermediate"
0.986652302701836,1.94768361715187,"Kirchnerismo","intermediate"
0.928709315902614,1.98059213141881,"Kirchnerismo","intermediate"
0.869669926049537,2.01169370270618,"Kirchnerismo","intermediate"
0.809592984890378,2.04095732829134,"Kirchnerismo","intermediate"
0.748538378426616,2.06835383755588,"Kirchnerismo","intermediate"
0.686566967217772,2.09385592106357,"Kirchnerismo","intermediate"
0.623740525714267,2.11743815778296,"Kirchnerismo","intermediate"
0.560121680679321,2.13907704042761,"Kirchnerismo","intermediate"
0.495773848761229,2.15875099888872,"Kirchnerismo","intermediate"
0.430761173278256,2.17644042173664,"Kirchnerismo","intermediate"
0.3651484602792,2.19212767576996,"Kirchnerismo","intermediate"
0.299001113943298,2.2057971235927,"Kirchnerismo","intermediate"
0.23238507138393,2.21743513920199,"Kirchnerismo","intermediate"
0.165366736921061,2.22703012157078,"Kirchnerismo","intermediate"
0.0980129158879735,2.23457250621197,"Kirchnerismo","intermediate"
0.0303907480382634,2.24005477471252,"Kirchnerismo","intermediate"
-0.0374323593805367,2.24347146222796,"Kirchnerismo","intermediate"
-0.105388798819957,2.24481916292988,"Kirchnerismo","intermediate"
-0.173410829823268,2.2440965334009,"Kirchnerismo","intermediate"
-0.241430646550651,2.24130429397386,"Kirchnerismo","intermediate"
-0.309380445369517,2.23644522801374,"Kirchnerismo","intermediate"
-0.377192492442659,2.22952417914316,"Kirchnerismo","intermediate"
-0.444799191246799,2.22054804641415,"Kirchnerismo","intermediate"
-0.512133149954279,2.20952577743103,"Kirchnerismo","intermediate"
-0.57912724861071,2.19646835943123,"Kirchnerismo","intermediate"
-0.645714706041582,2.18138880833298,"Kirchnerismo","intermediate"
-0.711829146421211,2.16430215576075,"Kirchnerismo","intermediate"
-0.777404665437588,2.14522543406144,"Kirchnerismo","intermediate"
-0.842375895987249,2.12417765932609,"Kirchnerismo","intermediate"
-0.906678073334607,2.10117981243431,"Kirchnerismo","intermediate"
-0.970247099670861,2.07625481814002,"Kirchnerismo","intermediate"
-1.03301960800808,2.04942752221961,"Kirchnerismo","intermediate"
-1.09493302534481,2.02072466670507,"Kirchnerismo","intermediate"
-1.15592563504016,1.990174863227,"Kirchnerismo","intermediate"
-1.21593663833436,1.95780856449389,"Kirchnerismo","intermediate"
-1.2749062149542,1.92365803393622,"Kirchnerismo","intermediate"
-1.33277558274329,1.88775731354553,"Kirchnerismo","intermediate"
-1.38948705625727,1.85014218994068,"Kirchnerismo","intermediate"
-1.44498410426601,1.81085015869489,"Kirchnerismo","intermediate"
-1.49921140610512,1.76992038695945,"Kirchnerismo","intermediate"
-1.55211490682081,1.72739367442092,"Kirchnerismo","intermediate"
-1.60364187105304,1.68331241263124,"Kirchnerismo","intermediate"
-1.65374093560328,1.63772054275081,"Kirchnerismo","intermediate"
-1.70236216063444,1.59066351174706,"Kirchnerismo","intermediate"
-1.74945707945202,1.54218822709185,"Kirchnerismo","intermediate"
-1.79497874681672,1.49234301000317,"Kirchnerismo","intermediate"
-1.83888178574055,1.44117754727742,"Kirchnerismo","intermediate"
-1.8811224327195,1.38874284176057,"Kirchnerismo","intermediate"
-1.92165858135804,1.33509116150742,"Kirchnerismo","intermediate"
-1.96044982434164,1.28027598767964,"Kirchnerismo","intermediate"
-1.99745749371566,1.22435196123461,"Kirchnerismo","intermediate"
-2.03264469943045,1.16737482845809,"Kirchnerismo","intermediate"
-2.06597636611412,1.10940138539517,"Kirchnerismo","intermediate"
-2.09741926803643,1.05048942123467,"Kirchnerismo","intermediate"
-2.12694206222892,0.990697660703665,"Kirchnerismo","intermediate"
-2.15451531972831,0.930085705529381,"Kirchnerismo","intermediate"
-2.18011155491186,0.868713975026904,"Kirchnerismo","intermediate"
-2.20370525289567,0.806643645871892,"Kirchnerismo","intermediate"
-2.22527289496851,0.743936591118328,"Kirchnerismo","intermediate"
-2.24479298203569,0.680655318522125,"Kirchnerismo","intermediate"
-2.26224605604992,0.616862908232021,"Kirchnerismo","intermediate"
-2.27761471940745,0.552622949909932,"Kirchnerismo","intermediate"
-2.29088365229042,0.487999479343383,"Kirchnerismo","intermediate"
-2.30203962793796,0.42305691461324,"Kirchnerismo","intermediate"
-2.31107152583093,0.357859991880377,"Kirchnerismo","intermediate"
-2.31797034277709,0.292473700855251,"Kirchnerismo","intermediate"
-2.32272920188567,0.226963220014757,"Kirchnerismo","intermediate"
-2.32534335942243,0.161393851630896,"Kirchnerismo","intermediate"
-2.32581020953826,0.0958309566760511,"Kirchnerismo","intermediate"
-2.32412928686683,0.0303398896697547,"Kirchnerismo","intermediate"
-2.32030226698842,-0.0350140664681276,"Kirchnerismo","intermediate"
-2.31433296475965,-0.100165765492821,"Kirchnerismo","intermediate"
-2.30622733051083,-0.165050262773838,"Kirchnerismo","intermediate"
-2.29599344411443,-0.229602880033209,"Kirchnerismo","intermediate"
-2.28364150693099,-0.293759269818177,"Kirchnerismo","intermediate"
-2.26918383164012,-0.357455479644157,"Kirchnerismo","intermediate"
-2.25263482996696,-0.420628015743951,"Kirchnerismo","intermediate"
-2.23401099831629,-0.483213906359717,"Kirchnerismo","intermediate"
0.933934533050036,2.86345003923726,"Kirchnerismo","peripheral"
0.872127260908258,2.9012928000341,"Kirchnerismo","peripheral"
0.808893161683395,2.93676782637131,"Kirchnerismo","peripheral"
0.744295268500748,2.96983975597113,"Kirchnerismo","peripheral"
0.678397973945095,3.00047562201489,"Kirchnerismo","peripheral"
0.611266965872761,3.02864488600507,"Kirchnerismo","peripheral"
0.542969161932533,3.05431946820671,"Kirchnerismo","peripheral"
0.473572642860696,3.0774737756379,"Kirchnerismo","peripheral"
0.403146584616672,3.09808472758144,"Kirchnerismo","peripheral"
0.33176118942692,3.11613177859221,"Kirchnerismo","peripheral"
0.259487615805831,3.13159693897727,"Kirchnerismo","peripheral"
0.186397907623369,3.14446479272841,"Kirchnerismo","peripheral"
0.112564922290182,3.15472251288917,"Kirchnerismo","peripheral"
0.0380622581317428,3.16235987434103,"Kirchnerismo","peripheral"
-0.0370358189760567,3.16736926399597,"Kirchnerismo","peripheral"
-0.112654449636749,3.16974568838546,"Kirchnerismo","peripheral"
-0.188718255554763,3.16948677863799,"Kirchnerismo","peripheral"
-0.265151414674151,3.16659279284041,"Kirchnerismo","peripheral"
-0.341877736759662,3.16106661578071,"Kirchnerismo","peripheral"
-0.418820739344822,3.15291375607237,"Kirchnerismo","peripheral"
-0.495903723971325,3.14214234066324,"Kirchnerismo","peripheral"
-0.573049852643722,3.12876310673446,"Kirchnerismo","peripheral"
-0.650182224423205,3.11278939099737,"Kirchnerismo","peripheral"
-0.727223952084135,3.09423711639923,"Kirchnerismo","peripheral"
-0.804098238756905,3.0731247762508,"Kirchnerismo","peripheral"
-0.880728454480722,3.0494734157919,"Kirchnerismo","peripheral"
-0.957038212590027,3.02330661121299,"Kirchnerismo","peripheral"
-1.03295144585838,2.99465044615394,"Kirchnerismo","peripheral"
-1.10839248232392,2.96353348570329,"Kirchnerismo","peripheral"
-1.18328612072083,2.92998674792394,"Kirchnerismo","peripheral"
-1.25755770544161,2.89404367293367,"Kirchnerismo","peripheral"
-1.33113320095536,2.8557400895713,"Kirchnerismo","peripheral"
-1.40393926560807,2.81511417968175,"Kirchnerismo","peripheral"
-1.47590332473113,2.77220644005551,"Kirchnerismo","peripheral"
-1.54695364298535,2.72705964206058,"Kirchnerismo","peripheral"
-1.61701939586832,2.67971878900704,"Kirchnerismo","peripheral"
-1.68603074031381,2.63023107128677,"Kirchnerismo","peripheral"
-1.75391888431283,2.57864581933303,"Kirchnerismo","peripheral"
-1.82061615548704,2.52501445444682,"Kirchnerismo","peripheral"
-1.88605606854603,2.46939043753903,"Kirchnerismo","peripheral"
-1.95017339156128,2.4118292158394,"Kirchnerismo","peripheral"
-2.01290421099083,2.35238816762554,"Kirchnerismo","peripheral"
-2.0741859953896,2.29112654502701,"Kirchnerismo","peripheral"
-2.13395765774219,2.22810541496151,"Kirchnerismo","peripheral"
-2.19215961635566,2.16338759826206,"Kirchnerismo","peripheral"
-2.24873385425191,2.09703760705581,"Kirchnerismo","peripheral"
-2.30362397700025,2.02912158045694,"Kirchnerismo","peripheral"
-2.35677526893259,1.95970721863778,"Kirchnerismo","peripheral"
-2.40813474768522,1.88886371534379,"Kirchnerismo","peripheral"
-2.45765121701277,1.81666168891974,"Kirchnerismo","peripheral"
-2.50527531782175,1.74317311191578,"Kirchnerismo","peripheral"
-2.55095957737276,1.66847123934369,"Kirchnerismo","peripheral"
-2.59465845660235,1.59263053565463,"Kirchnerismo","peripheral"
-2.63632839551736,1.5157266005114,"Kirchnerismo","peripheral"
-2.67592785661645,1.43783609342902,"Kirchnerismo","peripheral"
-2.71341736629561,1.3590366573589,"Kirchnerismo","peripheral"
-2.74875955419627,1.2794068412926,"Kirchnerismo","peripheral"
-2.78191919045694,1.19902602196255,"Kirchnerismo","peripheral"
-2.81286322083103,1.11797432471755,"Kirchnerismo","peripheral"
-2.84156079963613,1.0363325436521,"Kirchnerismo","peripheral"
-2.86798332050155,0.954182061069073,"Kirchnerismo","peripheral"
-2.89210444488389,0.871604766356097,"Kirchnerismo","peripheral"
-2.91390012832177,0.788682974356402,"Kirchnerismo","peripheral"
-2.93334864440395,0.705499343315607,"Kirchnerismo","peripheral"
-2.95043060642662,0.622136792486183,"Kirchnerismo","peripheral"
-2.96512898671856,0.538678419471736,"Kirchnerismo","peripheral"
-2.97742913361464,0.45520741739351,"Kirchnerismo","peripheral"
-2.98731878606092,0.371806991961674,"Kirchnerismo","peripheral"
-2.99478808583678,0.288560278534066,"Kirchnerismo","peripheral"
-2.99982958738176,0.205550259245047,"Kirchnerismo","peripheral"
-3.00243826521747,0.12285968028712,"Kirchnerismo","peripheral"
-3.00261151895712,0.0405709694277147,"Kirchnerismo","peripheral"
-3.00034917589761,-0.0412338461565986,"Kirchnerismo","peripheral"
-2.9956534911917,-0.12247322164658,"Kirchnerismo","peripheral"
-2.98852914560004,-0.203066175865978,"Kirchnerismo","peripheral"
-2.97898324082524,-0.282932372005318,"Kirchnerismo","peripheral"
-2.96702529243278,-0.361992197703385,"Kirchnerismo","peripheral"
-2.95266722036567,-0.44016684440656,"Kirchnerismo","peripheral"
-2.93592333706242,-0.517378385926894,"Kirchnerismo","peripheral"
-2.91681033319003,-0.593549856120627,"Kirchnerismo","peripheral"
-2.89534726100644,-0.668605325609722,"Kirchnerismo","peripheral"
-2.87155551536875,-0.74246997746991,"Kirchnerismo","peripheral"
-2.84545881240644,-0.815070181809836,"Kirchnerismo","peripheral"
-2.81708316588057,-0.886333569166929,"Kirchnerismo","peripheral"
-2.78645686125269,-0.956189102646859,"Kirchnerismo","peripheral"
-2.75361042748931,-1.02456714873466,"Kirchnerismo","peripheral"
-2.71857660662994,-1.09139954670693,"Kirchnerismo","peripheral"
-2.68139032114911,-1.15661967657592,"Kirchnerismo","peripheral"
-2.6420886391449,-1.2201625254978,"Kirchnerismo","peripheral"
-2.60071073738866,-1.28196475257885,"Kirchnerismo","peripheral"
-2.55729786227272,-1.34196475201506,"Kirchnerismo","peripheral"
-2.51189328869514,-1.40010271450214,"Kirchnerismo","peripheral"
-2.46454227692229,-1.45632068685472,"Kirchnerismo","peripheral"
-2.41529202747249,-1.51056262977533,"Kirchnerismo","peripheral"
-2.36419163406546,-1.56277447371566,"Kirchnerismo","peripheral"
-2.31129203468467,-1.61290417277417,"Kirchnerismo","peripheral"
-2.25664596080121,-1.66090175657663,"Kirchnerismo","peripheral"
-2.20030788480997,-1.70671938008769,"Kirchnerismo","peripheral"
-2.14233396573031,-1.75031137130379,"Kirchnerismo","peripheral"
-2.08278199322556,-1.79163427678007,"Kirchnerismo","peripheral"
-2.02171132999704,-1.83064690494567,"Kirchnerismo","peripheral"
-1.95918285260999,-1.86731036716441,"Kirchnerismo","peripheral"
-1.89525889081053,-1.9015881164998,"Kirchnerismo","peripheral"
-1.83000316539396,-1.93344598414584,"Kirchnerismo","peripheral"
-1.76348072468654,-1.96285221348723,"Kirchnerismo","peripheral"
-1.69575787970388,-1.98977749175505,"Kirchnerismo","peripheral"
-1.62690213805067,-2.01419497924636,"Kirchnerismo","peripheral"
-1.55698213662764,-2.0360803360786,"Kirchnerismo","peripheral"
-1.4860675732128,-2.05541174645213,"Kirchnerismo","peripheral"
-1.41422913698519,-2.07216994039667,"Kirchnerismo","peripheral"
-1.34153843806035,-2.08633821298005,"Kirchnerismo","peripheral"
-1.26806793610784,-2.09790244096003,"Kirchnerismo","peripheral"
-1.19389086812181,-2.10685109686267,"Kirchnerismo","peripheral"
-1.1190811754168,-2.11317526047315,"Kirchnerismo","peripheral"
-1.04371342992144,-2.11686862772764,"Kirchnerismo","peripheral"
-0.967862759843497,-2.11792751699735,"Kirchnerismo","peripheral"
-0.891604774780495,-2.11635087275842,"Kirchnerismo","peripheral"
-0.81501549035037,-2.11214026664413,"Kirchnerismo","peripheral"
-0.738171252417481,-2.1052998958782,"Kirchnerismo","peripheral"
-0.661148660989381,-2.095836579091,"Kirchnerismo","peripheral"
-0.584024493860265,-2.08375974952249,"Kirchnerismo","peripheral"
-0.506875630077196,-2.06908144561902,"Kirchnerismo","peripheral"
-0.429778973305402,-2.05181629903316,"Kirchnerismo","peripheral"
-0.352811375169023,-2.0319815200385,"Kirchnerismo","peripheral"
-0.276049558643748,-2.00959688037409,"Kirchnerismo","peripheral"
-0.199570041577676,-1.98468469353557,"Kirchnerismo","peripheral"
-0.123449060416668,-1.95726979253255,"Kirchnerismo","peripheral"
-0.0477624942102025,-1.92737950513457,"Kirchnerismo","peripheral"
0.0274142110265264,-1.89504362663016,"Kirchnerismo","peripheral"
0.102006117518819,-1.86029439012622,"Kirchnerismo","peripheral"
0.175938870432084,-1.82316643441743,"Kirchnerismo","peripheral"
0.249138771990356,-1.78369676945749,"Kirchnerismo","peripheral"
0.321532854939833,-1.74192473946678,"Kirchnerismo","peripheral"
0.393048955284232,-1.69789198371326,"Kirchnerismo","peripheral"
0.463615784219423,-1.65164239500547,"Kirchnerismo","peripheral"
0.533162999195656,-1.60322207593925,"Kirchnerismo","peripheral"
0.60162127403656,-1.55267929294168,"Kirchnerismo","peripheral"
0.668922368044962,-1.50006442815803,"Kirchnerismo","peripheral"
0.734999194026717,-1.44542992922977,"Kirchnerismo","peripheral"
0.79978588516467,-1.3888302570136,"Kirchnerismo","peripheral"
0.863217860676132,-1.3303218312937,"Kirchnerismo","peripheral"
0.925231890188423,-1.26996297454125,"Kirchnerismo","peripheral"
0.98576615676826,-1.20781385377732,"Kirchnerismo","peripheral"
1.04476031854224,-1.14393642059709,"Kirchnerismo","peripheral"
1.10215556884693,-1.07839434941514,"Kirchnerismo","peripheral"
1.1578946948486,-1.0112529739934,"Kirchnerismo","peripheral"
1.21192213457427,-0.942579222315059,"Kirchnerismo","peripheral"
1.26418403229703,-0.872441549869292,"Kirchnerismo","peripheral"
1.31462829222069,-0.800909871413316,"Kirchnerismo","peripheral"
1.36320463040988,-0.728055491279865,"Kirchnerismo","peripheral"
1.4098646249143,-0.653951032299465,"Kirchnerismo","peripheral"
1.45456176403666,-0.578670363408426,"Kirchnerismo","peripheral"
1.49725149269664,-0.502288526014681,"Kirchnerismo","peripheral"
1.5378912568443,-0.424881659194863,"Kirchnerismo","peripheral"
1.57644054587892,-0.346526923797242,"Kirchnerismo","peripheral"
1.61286093303085,-0.267302425526088,"Kirchnerismo","peripheral"
1.6471161136661,-0.187287137084228,"Kirchnerismo","peripheral"
1.67917194147564,-0.106560819451327,"Kirchnerismo","peripheral"
1.70899646251319,-0.0252039423764046,"Kirchnerismo","peripheral"
1.73655994704755,0.0567023958361447,"Kirchnerismo","peripheral"
1.7618349191979,0.139076549167125,"Kirchnerismo","peripheral"
1.78479618432233,0.221836405269049,"Kirchnerismo","peripheral"
1.80542085413242,0.304899467317519,"Kirchnerismo","peripheral"
1.82368836950874,0.388182936245864,"Kirchnerismo","peripheral"
1.83958052099472,0.471603793281031,"Kirchnerismo","peripheral"
1.85308146694811,0.555078882698525,"Kirchnerismo","peripheral"
1.86417774933239,0.638524994713824,"Kirchnerismo","peripheral"
1.87285830713196,0.721858948427712,"Kirchnerismo","peripheral"
1.87911448737801,0.804997674742814,"Kirchnerismo","peripheral"
1.88294005377403,0.887858299168663,"Kirchnerismo","peripheral"
1.88433119291223,0.970358224432811,"Kirchnerismo","peripheral"
1.88328651807486,1.05241521281557,"Kirchnerismo","peripheral"
1.87980707061653,1.13394746812638,"Kirchnerismo","peripheral"
1.87389631892613,1.21487371724001,"Kirchnerismo","peripheral"
1.86556015496948,1.29511329111138,"Kirchnerismo","peripheral"
1.85480688841612,1.37458620518824,"Kirchnerismo","peripheral"
1.84164723835599,1.45321323914148,"Kirchnerismo","peripheral"
1.82609432261448,1.53091601583372,"Kirchnerismo","peripheral"
1.80816364467624,1.60761707944729,"Kirchnerismo","peripheral"
1.78787307823097,1.68323997269391,"Kirchnerismo","peripheral"
1.7652428493566,1.75770931302897,"Kirchnerismo","peripheral"
1.7402955163574,1.83095086779449,"Kirchnerismo","peripheral"
1.71305594727747,1.90289162821586,"Kirchnerismo","peripheral"
1.68355129511166,1.97345988217853,"Kirchnerismo","peripheral"
1.6518109707389,2.04258528571227,"Kirchnerismo","peripheral"
1.61786661360481,2.11019893311153,"Kirchnerismo","peripheral"
1.58175206018278,2.17623342562212,"Kirchnerismo","peripheral"
1.54350331024508,2.24062293862583,"Kirchnerismo","peripheral"
1.50315849097747,2.30330328725577,"Kirchnerismo","peripheral"
1.46075781897319,2.36421199037727,"Kirchnerismo","peripheral"
1.41634356014422,2.42328833287045,"Kirchnerismo","peripheral"
1.36995998758965,2.48047342615234,"Kirchnerismo","peripheral"
1.32165333746335,2.5357102668783,"Kirchnerismo","peripheral"
1.27147176288472,2.58894379376423,"Kirchnerismo","peripheral"
1.21946528593864,2.64012094247283,"Kirchnerismo","peripheral"
1.16568574781233,2.68919069850929,"Kirchnerismo","peripheral"
1.11018675711898,2.73610414807363,"Kirchnerismo","peripheral"
1.05302363645949,2.78081452681907,"Kirchnerismo","peripheral"
0.994253367275697,2.82327726646772,"Kirchnerismo","peripheral"
0.933934533050037,2.86345003923726,"Kirchnerismo","peripheral"
-1.21965143812327,-0.375408582793091,"Macri","metropolitan"
-1.20663263467032,-0.416719926316681,"Macri","metropolitan"
-1.19221279922678,-0.457570807844183,"Macri","metropolitan"
-1.17640630579821,-0.497920506328478,"Macri","metropolitan"
-1.15922891064104,-0.537728800312607,"Macri","metropolitan"
-1.1406977365563,-0.576956008023389,"Macri","metropolitan"
-1.12083125582135,-0.615563026927078,"Macri","metropolitan"
-1.09964927177623,-0.653511372707619,"Macri","metropolitan"
-1.07717289908329,-0.690763217628651,"Macri","metropolitan"
-1.05342454267964,-0.727281428241016,"Macri","metropolitan"
-1.02842787544342,-0.76302960239819,"Macri","metropolitan"
-1.00220781459614,-0.797972105542735,"Macri","metropolitan"
-0.974790496864681,-0.832074106227599,"Macri","metropolitan"
-0.946203252427625,-0.86530161083686,"Macri","metropolitan"
-0.916474577671928,-0.897621497471304,"Macri","metropolitan"
-0.885634106787117,-0.929001548965053,"Macri","metropolitan"
-0.853712582225277,-0.959410485000334,"Macri","metropolitan"
-0.820741824056309,-0.988817993288384,"Macri","metropolitan"
-0.786754698248994,-1.0171947597854,"Macri","metropolitan"
-0.751785083909475,-1.0445124979134,"Macri","metropolitan"
-0.715867839509834,-1.07074397675694,"Macri","metropolitan"
-0.679038768140404,-1.09586304820742,"Macri","metropolitan"
-0.641334581820472,-1.11984467302814,"Macri","metropolitan"
-0.602792864902938,-1.14266494581394,"Macri","metropolitan"
-0.563452036609419,-1.16430111882061,"Macri","metropolitan"
-0.523351312733128,-1.18473162464037,"Macri","metropolitan"
-0.482530666547721,-1.20393609770071,"Macri","metropolitan"
-0.44103078896107,-1.22189539456521,"Macri","metropolitan"
-0.398893047953677,-1.2385916130162,"Macri","metropolitan"
-0.356159447342176,-1.25400810990002,"Macri","metropolitan"
-0.312872584909011,-1.2681295177173,"Macri","metropolitan"
-0.269075609940044,-1.28094175994162,"Macri","metropolitan"
-0.224812180212406,-1.2924320650513,"Macri","metropolitan"
-0.180126418475473,-1.30258897926032,"Macri","metropolitan"
-0.135062868468357,-1.31140237793571,"Macri","metropolitan"
-0.0896664505177308,-1.31886347568998,"Macri","metropolitan"
-0.0439824167602726,-1.32496483513865,"Macri","metropolitan"
0.001943693965647,-1.32970037431393,"Macri","metropolitan"
0.0480661015140715,-1.33306537272736,"Macri","metropolitan"
0.0943388300661031,-1.33505647607537,"Macri","metropolitan"
0.140715753959597,-1.33567169958282,"Macri","metropolitan"
0.187150643668227,-1.33491042998155,"Macri","metropolitan"
0.233597211884083,-1.33277342612165,"Macri","metropolitan"
0.280009159657863,-1.32926281821504,"Macri","metropolitan"
0.326340222550674,-1.32438210571203,"Macri","metropolitan"
0.372544216751434,-1.31813615381299,"Macri","metropolitan"
0.418575085113894,-1.31053118861861,"Macri","metropolitan"
0.464386943067408,-1.30157479092358,"Macri","metropolitan"
0.509934124355668,-1.2912758886599,"Macri","metropolitan"
0.55517122655782,-1.27964474799733,"Macri","metropolitan"
0.600053156346589,-1.26669296310984,"Macri","metropolitan"
0.644535174438286,-1.25243344461826,"Macri","metropolitan"
0.688572940189896,-1.23688040672074,"Macri","metropolitan"
0.7321225557988,-1.2200493530237,"Macri","metropolitan"
0.775140610061058,-1.2019570610875,"Macri","metropolitan"
0.817584221644639,-1.18262156570221,"Macri","metropolitan"
0.859411081834468,-1.16206214091012,"Macri","metropolitan"
0.900579496706672,-1.140299280793,"Macri","metropolitan"
0.941048428689989,-1.1173546790431,"Macri","metropolitan"
0.980777537472915,-1.09325120733842,"Macri","metropolitan"
1.0197272202158,-1.06801289254377,"Macri","metropolitan"
1.05785865102782,-1.0416648927602,"Macri","metropolitan"
1.09513381966947,-1.01423347224691,"Macri","metropolitan"
1.13151556944201,-0.985745975240426,"Macri","metropolitan"
1.16696763422605,-0.956230798697306,"Macri","metropolitan"
1.2014546746324,-0.925717363987414,"Macri","metropolitan"
1.23494231322918,-0.894236087566063,"Macri","metropolitan"
1.26739716880995,-0.861818350654234,"Macri","metropolitan"
1.29878688966887,-0.828496467957091,"Macri","metropolitan"
1.32908018584951,-0.79430365545198,"Macri","metropolitan"
1.35824686033545,-0.759273997278017,"Macri","metropolitan"
1.38625783915125,-0.723442411760284,"Macri","metropolitan"
1.41308520034405,-0.686844616602478,"Macri","metropolitan"
1.43870220181678,-0.649517093282729,"Macri","metropolitan"
1.46308330798526,-0.611497050688068,"Macri","metropolitan"
1.48620421523264,-0.572822388023799,"Macri","metropolitan"
1.50804187613574,-0.533531657034749,"Macri","metropolitan"
1.52857452243926,-0.49366402357605,"Macri","metropolitan"
1.54778168675483,-0.45325922857176,"Macri","metropolitan"
1.56564422296334,-0.41235754840025,"Macri","metropolitan"
1.58214432530023,-0.370999754745829,"Macri","metropolitan"
1.59726554610466,-0.329227073956648,"Macri","metropolitan"
1.61099281221488,-0.287081145949375,"Macri","metropolitan"
1.6233124399935,-0.244603982701622,"Macri","metropolitan"
1.63421214896761,-0.201837926373493,"Macri","metropolitan"
1.64368107407027,-0.158825607099998,"Macri","metropolitan"
1.65170977647102,-0.115609900496406,"Macri","metropolitan"
1.65829025298469,-0.0722338849188988,"Macri","metropolitan"
1.66341594404919,-0.0287407985231306,"Macri","metropolitan"
1.66708174026419,0.0148260038365071,"Macri","metropolitan"
1.6692839874843,0.0584230938239455,"Macri","metropolitan"
1.6700204904616,0.102007012911751,"Macri","metropolitan"
1.6692905150339,0.14553431570153,"Macri","metropolitan"
1.66709478885658,0.188961613231243,"Macri","metropolitan"
1.66343550067726,0.232245616226273,"Macri","metropolitan"
1.65831629815396,0.275343178251108,"Macri","metropolitan"
1.6517422842191,0.31821133871865,"Macri","metropolitan"
1.64372001199274,0.360807365714264,"Macri","metropolitan"
1.63425747825028,0.403088798591877,"Macri","metropolitan"
1.62336411545117,0.445013490299675,"Macri","metropolitan"
1.61105078233633,0.4865396493932,"Macri","metropolitan"
1.59732975310401,0.52762588169397,"Macri","metropolitan"
1.58221470517455,0.5682312315521,"Macri","metropolitan"
1.56572070555643,0.608315222671779,"Macri","metropolitan"
1.54786419582719,0.647837898458928,"Macri","metropolitan"
1.52866297574405,0.686759861850796,"Macri","metropolitan"
1.50813618550078,0.725042314587812,"Macri","metropolitan"
1.4863042866483,0.762647095888534,"Macri","metropolitan"
1.46318904169818,0.799536720489147,"Macri","metropolitan"
1.43881349242929,0.835674416009586,"Macri","metropolitan"
1.41320193691926,0.871024159609047,"Macri","metropolitan"
1.38637990532359,0.905550713894335,"Macri","metropolitan"
1.35837413442672,0.939219662045266,"Macri","metropolitan"
1.32921254099012,0.971997442122104,"Macri","metropolitan"
1.29892419392433,1.00385138052083,"Macri","metropolitan"
1.2675392853124,1.0347497245429,"Macri","metropolitan"
1.23508910031379,1.06466167404702,"Macri","metropolitan"
1.20160598597862,1.09355741215141,"Macri","metropolitan"
1.16712331900344,1.12140813495592,"Macri","metropolitan"
1.13167547246061,1.14818608025438,"Macri","metropolitan"
1.09529778153446,1.17386455520853,"Macri","metropolitan"
1.05802650829844,1.19841796295612,"Macri","metropolitan"
1.01989880556828,1.2218218281263,"Macri","metropolitan"
0.980952679867246,1.24405282123731,"Macri","metropolitan"
0.941226953540422,1.26508878195174,"Macri","metropolitan"
0.900761226055753,1.28490874116647,"Macri","metropolitan"
0.859595834530429,1.3034929419151,"Macri","metropolitan"
0.817771813521976,1.32082285906218,"Macri","metropolitan"
0.775330854124107,1.33688121776941,"Macri","metropolitan"
0.732315262408142,1.3516520107156,"Macri","metropolitan"
0.688767917251392,1.3651205140531,"Macri","metropolitan"
0.64473222759456,1.37727330208488,"Macri","metropolitan"
0.600252089170772,1.38809826064753,"Macri","metropolitan"
0.555371840749344,1.39758459918696,"Macri","metropolitan"
0.510136219937944,1.40572286151458,"Macri","metropolitan"
0.464590318587166,1.41250493523353,"Macri","metropolitan"
0.418779537841992,1.41792405982523,"Macri","metropolitan"
0.372749542884946,1.42197483338844,"Macri","metropolitan"
0.326546217416045,1.42465321802396,"Macri","metropolitan"
0.280215617914931,1.42595654385975,"Macri","metropolitan"
0.233803927730769,1.42588351171227,"Macri","metropolitan"
0.187357411045678,1.42443419438155,"Macri","metropolitan"
0.140922366757595,1.42161003657863,"Macri","metropolitan"
0.094545082328517,1.41741385348542,"Macri","metropolitan"
0.0482717876441607,1.41184982794849,"Macri","metropolitan"
0.00214860893100477,1.4049235063095,"Macri","metropolitan"
-0.0437784772233413,1.39664179287649,"Macri","metropolitan"
-0.0894636897005901,1.38701294304151,"Macri","metropolitan"
-0.134861488487401,1.37604655505149,"Macri","metropolitan"
-0.179926620070644,1.36375356044047,"Macri","metropolitan"
-0.2246141625471,1.35014621313282,"Macri","metropolitan"
-0.268879570402578,1.33523807722826,"Macri","metropolitan"
-0.312678718915857,1.31904401348089,"Macri","metropolitan"
-0.355967948143173,1.30158016448562,"Macri","metropolitan"
-0.39870410643939,1.28286393858694,"Macri","metropolitan"
-0.440844593472511,1.26291399252585,"Macri","metropolitan"
-0.482347402688603,1.24175021284246,"Macri","metropolitan"
-0.523171163184849,1.2193936960526,"Macri","metropolitan"
-0.563275180948969,1.19586672761843,"Macri","metropolitan"
-0.602619479423883,1.17119275973373,"Macri","metropolitan"
-0.64116483935723,1.14539638794629,"Macri","metropolitan"
-0.678872837895954,1.11850332664051,"Macri","metropolitan"
-0.715705886887052,1.09054038340478,"Macri","metropolitan"
-0.751627270346257,1.06153543230903,"Macri","metropolitan"
-0.786601181057331,1.03151738611931,"Macri","metropolitan"
-0.820592756265478,1.00051616747688,"Macri","metropolitan"
-0.853568112429293,0.96856267907069,"Macri","metropolitan"
-0.885494378996614,0.935688772832892,"Macri","metropolitan"
-0.916339731170608,0.901927218188155,"Macri","metropolitan"
-0.946073421633411,0.867311669388386,"Macri","metropolitan"
-0.974665811195734,0.831876631965433,"Macri","metropolitan"
-1.00208839834184,0.795657428335229,"Macri","metropolitan"
-1.02831384764049,0.758690162587636,"Macri","metropolitan"
-1.05331601699348,0.721011684497102,"Macri","metropolitan"
-1.07706998369466,0.682659552790006,"Macri","metropolitan"
-1.09955206927343,0.643671997705302,"Macri","metropolitan"
-1.12073986309795,0.604087882885787,"Macri","metropolitan"
-1.14061224471455,0.563946666637974,"Macri","metropolitan"
-1.15914940490106,0.523288362599196,"Macri","metropolitan"
-1.17633286541307,0.482153499851143,"Macri","metropolitan"
-1.19214549740343,0.440583082519587,"Macri","metropolitan"
-1.20657153849669,0.398618548900585,"Macri","metropolitan"
-1.21959660850137,0.356301730153876,"Macri","metropolitan"
-1.2312077237444,0.31367480860468,"Macri","metropolitan"
-1.24139331001361,0.270780275695433,"Macri","metropolitan"
-1.25014321409508,0.227660889629393,"Macri","metropolitan"
-1.25744871389414,0.184359632748338,"Macri","metropolitan"
-1.26330252712972,0.140919668686825,"Macri","metropolitan"
-1.26769881859347,0.097384299345749,"Macri","metropolitan"
-1.27063320596645,0.0537969217280628,"Macri","metropolitan"
-1.27210276418751,0.0102009846796964,"Macri","metropolitan"
-1.27210602836906,-0.0333600544211887,"Macri","metropolitan"
-1.27064299525729,-0.076842772983469,"Macri","metropolitan"
-1.26771512323543,-0.120203826487633,"Macri","metropolitan"
-1.26332533086997,-0.163399991692546,"Macri","metropolitan"
-1.25747799400143,-0.206388209721318,"Macri","metropolitan"
-1.25017894138235,-0.249125628983324,"Macri","metropolitan"
-1.24143544886712,-0.291569647889607,"Macri","metropolitan"
-1.23125623215923,-0.333677957319061,"Macri","metropolitan"
-1.21965143812327,-0.375408582793091,"Macri","metropolitan"
-1.97551268833952,-0.186096262435935,"Macri","intermediate"
-1.96962706485637,-0.228732558772649,"Macri","intermediate"
-1.96178625144543,-0.271101338198548,"Macri","intermediate"
-1.95199806400004,-0.31316036659288,"Macri","intermediate"
-1.94027225959831,-0.354867718601457,"Macri","intermediate"
-1.92662052677708,-0.396181819428758,"Macri","intermediate"
-1.91105647388051,-0.437061486280595,"Macri","intermediate"
-1.89359561549502,-0.477465969416013,"Macri","intermediate"
-1.87425535698397,-0.51735499276752,"Macri","intermediate"
-1.85305497713766,-0.556688794089147,"Macri","intermediate"
-1.83001560895577,-0.595428164592317,"Macri","intermediate"
-1.80516021858157,-0.633534488030024,"Macri","intermediate"
-1.77851358240871,-0.670969779190342,"Macri","intermediate"
-1.75010226238365,-0.707696721760912,"Macri","intermediate"
-1.71995457952806,-0.743678705526655,"Macri","intermediate"
-1.68810058570785,-0.778879862863629,"Macri","intermediate"
-1.65457203367681,-0.81326510449266,"Macri","intermediate"
-1.61940234542478,-0.846800154457092,"Macri","intermediate"
-1.58262657886186,-0.879451584289812,"Macri","intermediate"
-1.54428139287195,-0.911186846335472,"Macri","intermediate"
-1.50440501077036,-0.941974306194696,"Macri","intermediate"
-1.46303718220199,-0.971783274257942,"Macri","intermediate"
-1.420219143518,-1.00058403629757,"Macri","intermediate"
-1.37599357667056,-1.02834788308763,"Macri","intermediate"
-1.33040456666649,-1.05504713902184,"Macri","intermediate"
-1.28349755762243,-1.08065518970124,"Macri","intermediate"
-1.23531930746509,-1.10514650846401,"Macri","intermediate"
-1.18591784132202,-1.12849668183096,"Macri","intermediate"
-1.13534240364901,-1.15068243384147,"Macri","intermediate"
-1.08364340914225,-1.17168164925546,"Macri","intermediate"
-1.03087239248378,-1.19147339559831,"Macri","intermediate"
-0.977081956970667,-1.21003794402684,"Macri","intermediate"
-0.922325722078835,-1.22735678899545,"Macri","intermediate"
-0.866658270014046,-1.24341266670283,"Macri","intermediate"
-0.810135091303156,-1.2581895723009,"Macri","intermediate"
-0.752812529479949,-1.27167277584879,"Macri","intermediate"
-0.694747724920682,-1.28384883699599,"Macri","intermediate"
-0.635998557885314,-1.29470561837994,"Macri","intermediate"
-0.576623590821201,-1.30423229772485,"Macri","intermediate"
-0.516682009986778,-1.31241937862956,"Macri","intermediate"
-0.456233566453412,-1.31925870003378,"Macri","intermediate"
-0.395338516544227,-1.3247434443532,"Macri","intermediate"
-0.334057561769297,-1.32886814427538,"Macri","intermediate"
-0.272451788317059,-1.33162868820976,"Macri","intermediate"
-0.21058260616227,-1.3330223243861,"Macri","intermediate"
-0.148511687851213,-1.33304766359756,"Macri","intermediate"
-0.0863009070251562,-1.33170468058544,"Macri","intermediate"
-0.0240122767433654,-1.32899471406444,"Macri","intermediate"
0.0382921123328622,-1.32492046538811,"Macri","intermediate"
0.100550153833522,-1.31948599585614,"Macri","intermediate"
0.16269978758888,-1.31269672266594,"Macri","intermediate"
0.224679061492399,-1.30455941351268,"Macri","intermediate"
0.28642619325595,-1.2950821798431,"Macri","intermediate"
0.347879631995734,-1.28427446876982,"Macri","intermediate"
0.408978119587549,-1.27214705365428,"Macri","intermediate"
0.469660751730214,-1.25871202336761,"Macri","intermediate"
0.529867038656304,-1.24398277024018,"Macri","intermediate"
0.589536965429666,-1.22797397671184,"Macri","intermediate"
0.648611051769613,-1.21070160069613,"Macri","intermediate"
0.707030411342155,-1.1921828596731,"Macri","intermediate"
0.76473681045919,-1.17243621352653,"Macri","intermediate"
0.821672726127097,-1.15148134614275,"Macri","intermediate"
0.877781403386917,-1.12933914578928,"Macri","intermediate"
0.933006911888925,-1.10603168429298,"Macri","intermediate"
0.98729420164522,-1.08158219503836,"Macri","intermediate"
1.04058915790475,-1.05601504980801,"Macri","intermediate"
1.09283865509608,-1.02935573448833,"Macri","intermediate"
1.14399060978411,-1.00163082366461,"Macri","intermediate"
1.19399403258796,-0.972867954130912,"Macri","intermediate"
1.24279907900833,-0.943095797341107,"Macri","intermediate"
1.29035709911355,-0.912344030828559,"Macri","intermediate"
1.33662068603491,-0.880643308622907,"Macri","intermediate"
1.38154372322283,-0.848025230693461,"Macri","intermediate"
1.42508143041688,-0.814522311449669,"Macri","intermediate"
1.46719040828368,-0.780167947330043,"Macri","intermediate"
1.50782868167833,-0.744996383511863,"Macri","intermediate"
1.54695574148611,-0.709042679774843,"Macri","intermediate"
1.5845325850029,-0.672342675552777,"Macri","intermediate"
1.62052175481386,-0.634932954208011,"Macri","intermediate"
1.65488737613184,-0.596850806564357,"Macri","intermediate"
1.68759519255815,-0.558134193734781,"Macri","intermediate"
1.71861260023006,-0.51882170928095,"Macri","intermediate"
1.74790868032103,-0.47895254074232,"Macri","intermediate"
1.77545422986132,-0.43856643057315,"Macri","intermediate"
1.80122179084809,-0.397703636526362,"Macri","intermediate"
1.82518567761617,-0.356404891523731,"Macri","intermediate"
1.84732200244206,-0.314711363052426,"Macri","intermediate"
1.86760869935577,-0.272664612128364,"Macri","intermediate"
1.88602554613663,-0.230306551867284,"Macri","intermediate"
1.90255418447124,-0.187679405704842,"Macri","intermediate"
1.91717813825345,-0.144825665307374,"Macri","intermediate"
1.92988283000809,-0.101788048215276,"Macri","intermediate"
1.94065559542213,-0.0586094552612332,"Macri","intermediate"
1.94948569596872,-0.0153329278057343,"Macri","intermediate"
1.9563643296116,0.0279983951674903,"Macri","intermediate"
1.96128463957916,0.0713413200533452,"Macri","intermediate"
1.96424172119941,0.114652641681698,"Macri","intermediate"
1.9652326267891,0.15788918638523,"Macri","intermediate"
1.96425636859198,0.201007855035887,"Macri","intermediate"
1.96131391976345,0.24396566600703,"Macri","intermediate"
1.9564082134005,0.286719798018448,"Macri","intermediate"
1.94954413961791,0.329227632821553,"Macri","intermediate"
1.94072854067371,0.371446797682166,"Macri","intermediate"
1.92997020414864,0.413335207618587,"Macri","intermediate"
1.91727985418653,0.454851107352817,"Macri","intermediate"
1.9026701408042,0.495953112933127,"Macri","intermediate"
1.88615562728167,0.536600252986482,"Macri","intermediate"
1.86775277564518,0.576752009559698,"Macri","intermediate"
1.84747993025746,0.616368358508616,"Macri","intermediate"
1.82535729953168,0.655409809395041,"Macri","intermediate"
1.80140693578725,0.69383744485167,"Macri","intermediate"
1.77565271326763,0.731612959375767,"Macri","intermediate"
1.74812030434192,0.768698697512928,"Macri","intermediate"
1.71883715391409,0.805057691392849,"Macri","intermediate"
1.68783245206534,0.840653697579708,"Macri","intermediate"
1.65513710495674,0.875451233200409,"Macri","intermediate"
1.62078370402135,0.90941561131468,"Macri","intermediate"
1.58480649347631,0.94251297549177,"Macri","intermediate"
1.54724133618753,0.974710333559279,"Macri","intermediate"
1.50812567792073,1.00597559049047,"Macri","intermediate"
1.46749851001476,1.03627758039728,"Macri","intermediate"
1.42540033051413,1.06558609759718,"Macri","intermediate"
1.3818731037997,1.09387192672284,"Macri","intermediate"
1.33696021875768,1.12110687184462,"Macri","intermediate"
1.29070644552862,1.14726378457694,"Macri","intermediate"
1.24315789087959,1.17231659114033,"Macri","intermediate"
1.19436195224393,1.19624031835238,"Macri","intermediate"
1.14436727047448,1.2190111185215,"Macri","intermediate"
1.09322368135729,1.24060629321889,"Macri","intermediate"
1.04098216593424,1.26100431590475,"Macri","intermediate"
0.987694799684041,1.28018485338647,"Macri","intermediate"
0.933414700612239,1.29812878608715,"Macri","intermediate"
0.878195976302059,1.31481822710444,"Macri","intermediate"
0.822093669978767,1.33023654004057,"Macri","intermediate"
0.765163705641402,1.34436835558591,"Macri","intermediate"
0.70746283231651,1.35719958683937,"Macri","intermediate"
0.649048567489475,1.3687174433506,"Macri","intermediate"
0.589979139769856,1.37891044386974,"Macri","intermediate"
0.53031343084782,1.3877684277922,"Macri","intermediate"
0.470110916799611,1.39528256528696,"Macri","intermediate"
0.409431608800498,1.40144536609836,"Macri","intermediate"
0.348335993304324,1.40625068701252,"Macri","intermediate"
0.286884971749304,1.40969373798105,"Macri","intermediate"
0.225139799850137,1.41177108689586,"Macri","intermediate"
0.163162026536987,1.41248066301038,"Macri","intermediate"
0.101013432602163,1.4118217590037,"Macri","intermediate"
0.0387559691156846,1.40979503168567,"Macri","intermediate"
-0.0235483043288894,1.40640250134216,"Macri","intermediate"
-0.085837281476821,1.4016475497212,"Macri","intermediate"
-0.148048871321046,1.39553491666196,"Macri","intermediate"
-0.210121059995857,1.38807069537002,"Macri","intermediate"
-0.271991972593654,1.37926232634348,"Macri","intermediate"
-0.333599934843213,1.36911858995616,"Macri","intermediate"
-0.394883534587937,1.3576495977051,"Macri","intermediate"
-0.455781683002824,1.34486678213118,"Macri","intermediate"
-0.516233675489144,1.33078288542297,"Macri","intermediate"
-0.576179252186098,1.315411946715,"Macri","intermediate"
-0.635558658039155,1.29876928809326,"Macri","intermediate"
-0.694312702365203,1.28087149932179,"Macri","intermediate"
-0.752382817855092,1.26173642130569,"Macri","intermediate"
-0.809711118954816,1.24138312830685,"Macri","intermediate"
-0.86624045956708,1.21983190893039,"Macri","intermediate"
-0.921914490015781,1.19710424590046,"Macri","intermediate"
-0.976677713216591,1.17322279464583,"Macri","intermediate"
-1.03047553999765,1.1482113607165,"Macri","intermediate"
-1.08325434351525,1.12209487605374,"Macri","intermediate"
-1.13496151271022,1.09489937413743,"Macri","intermediate"
-1.1855455047518,1.06665196403532,"Macri","intermediate"
-1.23495589641665,1.03738080338012,"Macri","intermediate"
-1.28314343435179,1.00711507030135,"Macri","intermediate"
-1.33006008417144,0.97588493433994,"Macri","intermediate"
-1.37565907833874,0.94372152637461,"Macri","intermediate"
-1.41989496278462,0.910656907589897,"Macri","intermediate"
-1.46272364221745,0.87672403751688,"Macri","intermediate"
-1.50410242407814,0.841956741178411,"Macri","intermediate"
-1.54399006109705,0.806389675371586,"Macri","intermediate"
-1.58234679241012,0.770058294121101,"Macri","intermediate"
-1.61913438319343,0.732998813337909,"Macri","intermediate"
-1.65431616277642,0.695248174718411,"Macri","intermediate"
-1.6878570611961,0.656844008920173,"Macri","intermediate"
-1.71972364415548,0.61782459805086,"Macri","intermediate"
-1.74988414635165,0.57822883750781,"Macri","intermediate"
-1.77830850314009,0.538096197206244,"Macri","intermediate"
-1.8049683805038,0.497466682234807,"Macri","intermediate"
-1.82983720329722,0.45638079297762,"Macri","intermediate"
-1.85289018173697,0.414879484742614,"Macri","intermediate"
-1.87410433611278,0.373004126936397,"Macri","intermediate"
-1.89345851969422,0.330796461826318,"Macri","intermediate"
-1.91093343981017,0.288298562930876,"Macri","intermediate"
-1.92651167708024,0.245552793079923,"Macri","intermediate"
-1.94017770277873,0.202601762186463,"Macri","intermediate"
-1.951917894314,0.159488284772177,"Macri","intermediate"
-1.96172054880782,0.116255337288966,"Macri","intermediate"
-1.969575894761,0.0729460152790985,"Macri","intermediate"
-1.97547610179386,0.0296034904166306,"Macri","intermediate"
-1.97941528845172,-0.013729032527059,"Macri","intermediate"
-1.98138952806764,-0.057008358750717,"Macri","intermediate"
-1.98139685267665,-0.100191346480742,"Macri","intermediate"
-1.97943725497741,-0.143234949975836,"Macri","intermediate"
-1.97551268833952,-0.186096262435935,"Macri","intermediate"
-3.03569101161517,-0.487791736787192,"Macri","peripheral"
-3.01562399911415,-0.548410305600217,"Macri","peripheral"
-2.99308557593126,-0.608199769375315,"Macri","peripheral"
-2.9680982088569,-0.667100528674716,"Macri","peripheral"
-2.94068680584196,-0.725053869940595,"Macri","peripheral"
-2.91087869116912,-0.782002024022032,"Macri","peripheral"
-2.87870357821534,-0.837888223760547,"Macri","peripheral"
-2.84419353983295,-0.892656760576849,"Macri","peripheral"
-2.80738297637871,-0.946253040002351,"Macri","peripheral"
-2.76830858142281,-0.99862363610013,"Macri","peripheral"
-2.72700930517194,-1.04971634472106,"Macri","peripheral"
-2.68352631564281,-1.09948023554203,"Macri","peripheral"
-2.63790295762505,-1.14786570283444,"Macri","peripheral"
-2.59018470947412,-1.19482451491221,"Macri","peripheral"
-2.54041913777754,-1.24030986221021,"Macri","peripheral"
-2.48865584993947,-1.28427640394508,"Macri","peripheral"
-2.43494644473094,-1.32668031331182,"Macri","peripheral"
-2.37934446085514,-1.36747932117141,"Macri","peripheral"
-2.32190532357879,-1.40663275818552,"Macri","peripheral"
-2.2626862894831,-1.44410159535664,"Macri","peripheral"
-2.20174638938913,-1.47984848293303,"Macri","peripheral"
-2.1391463695146,-1.51383778763973,"Macri","peripheral"
-2.07494863092071,-1.54603562819862,"Macri","peripheral"
-2.00921716730946,-1.57640990910202,"Macri","peripheral"
-1.94201750123326,-1.60493035260614,"Macri","peripheral"
-1.87341661878071,-1.63156852891264,"Macri","peripheral"
-1.80348290280334,-1.65629788450807,"Macri","peripheral"
-1.73228606475013,-1.67909376863297,"Macri","peripheral"
-1.65989707517761,-1.69993345785428,"Macri","peripheral"
-1.58638809300488,-1.71879617871657,"Macri","peripheral"
-1.51183239358402,-1.73566312844947,"Macri","peripheral"
-1.43630429565763,-1.75051749371066,"Macri","peripheral"
-1.35987908727627,-1.76334446734581,"Macri","peripheral"
-1.28263295074973,-1.77413126314864,"Macri","peripheral"
-1.20464288670682,-1.7828671286065,"Macri","peripheral"
-1.12598663733947,-1.78954335561873,"Macri","peripheral"
-1.04674260890766,-1.79415328917704,"Macri","peripheral"
-0.966989793582283,-1.79669233399941,"Macri","peripheral"
-0.886807690704099,-1.79715795911074,"Macri","peripheral"
-0.806276227537029,-1.7955497003658,"Macri","peripheral"
-0.725475679594928,-1.79186916091187,"Macri","peripheral"
-0.644486590621207,-1.78612000959074,"Macri","peripheral"
-0.563389692301077,-1.77830797728145,"Macri","peripheral"
-0.482265823786451,-1.76844085118772,"Macri","peripheral"
-0.401195851113719,-1.75652846707543,"Macri","peripheral"
-0.320260586594722,-1.74258269946811,"Macri","peripheral"
-0.239540708261284,-1.72661744981022,"Macri","peripheral"
-0.159116679443596,-1.70864863260981,"Macri","peripheral"
-0.079068668562618,-1.68869415957465,"Macri","peripheral"
0.000523530783548165,-1.66677392175743,"Macri","peripheral"
0.0795805793596511,-1.64290976972791,"Macri","peripheral"
0.158023671380364,-1.61712549179183,"Macri","peripheral"
0.235774613065608,-1.58944679027817,"Macri","peripheral"
0.312755900585811,-1.55990125591857,"Macri","peripheral"
0.38889079731941,-1.52851834034421,"Macri","peripheral"
0.464103410345587,-1.49532932672784,"Macri","peripheral"
0.538318766095978,-1.46036729860002,"Macri","peripheral"
0.611462885089962,-1.42366710687073,"Macri","peripheral"
0.683462855679013,-1.38526533508922,"Macri","peripheral"
0.754246906726617,-1.34520026297676,"Macri","peripheral"
0.823744479151304,-1.30351182826855,"Macri","peripheral"
0.891886296261471,-1.26024158690293,"Macri","peripheral"
0.958604432811898,-1.21543267159753,"Macri","peripheral"
1.02383238271311,-1.1691297488536,"Macri","peripheral"
1.08750512532609,-1.12137897443151,"Macri","peripheral"
1.14955919027627,-1.07222794734169,"Macri","peripheral"
1.20993272072217,-1.02172566239685,"Macri","peripheral"
1.26856553501567,-0.969922461372932,"Macri","peripheral"
1.32539918669234,-0.916869982827312,"Macri","peripheral"
1.38037702273221,-0.862621110624372,"Macri","peripheral"
1.43344424003267,-0.807229921219711,"Macri","peripheral"
1.48454794003742,-0.750751629755555,"Macri","peripheral"
1.53363718146692,-0.693242535021105,"Macri","peripheral"
1.58066303109773,-0.634759963332682,"Macri","peripheral"
1.62557861254024,-0.575362211389602,"Macri","peripheral"
1.66833915296606,-0.515108488162765,"Macri","peripheral"
1.70890202773854,-0.454058855873859,"Macri","peripheral"
1.74722680290198,-0.392274170124036,"Macri","peripheral"
1.78327527548701,-0.329816019231724,"Macri","peripheral"
1.81701151159219,-0.26674666284005,"Macri","peripheral"
1.84840188220369,-0.203128969855077,"Macri","peripheral"
1.87741509671741,-0.139026355776706,"Macri","peripheral"
1.90402223413016,-0.0745027194847334,"Macri","peripheral"
1.92819677186872,-0.00962237954305073,"Macri","peripheral"
1.94991461222813,0.0555499899144911,"Macri","peripheral"
1.96915410639282,0.120949423652672,"Macri","peripheral"
1.98589607601659,0.186510730093656,"Macri","peripheral"
2.00012383234001,0.252168556301381,"Macri","peripheral"
2.01182319282616,0.317857453126777,"Macri","peripheral"
2.02098249529808,0.383511940448911,"Macri","peripheral"
2.02759260956387,0.449066572446988,"Macri","peripheral"
2.03164694651787,0.514456002838173,"Macri","peripheral"
2.03314146470884,0.579615050016186,"Macri","peripheral"
2.03207467436854,0.644478762025743,"Macri","peripheral"
2.02844763889678,0.708982481308082,"Macri","peripheral"
2.0222639738014,0.773061909153014,"Macri","peripheral"
2.01352984309425,0.836653169793288,"Macri","peripheral"
2.00225395314676,0.899692874077337,"Macri","peripheral"
1.98844754401126,0.962118182656965,"Macri","peripheral"
1.97212437821663,1.02386686862698,"Macri","peripheral"
1.95330072704953,1.08487737955431,"Macri","peripheral"
1.9319953543348,1.14508889883483,"Macri","peripheral"
1.90822949773132,1.20444140631666,"Macri","peripheral"
1.88202684756179,1.26287573812958,"Macri","peripheral"
1.85341352319776,1.32033364566081,"Macri","peripheral"
1.82241804702321,1.37675785361855,"Macri","peripheral"
1.78907131600289,1.43209211712523,"Macri","peripheral"
1.75340657088347,1.48628127778358,"Macri","peripheral"
1.71545936305854,1.53927131865977,"Macri","peripheral"
1.67526751913009,1.59100941812865,"Macri","peripheral"
1.63287110320225,1.64144400252749,"Macri","peripheral"
1.58831237694444,1.69052479756573,"Macri","peripheral"
1.54163575746402,1.73820287843947,"Macri","peripheral"
1.49288777303042,1.78443071860082,"Macri","peripheral"
1.44211701669465,1.82916223713335,"Macri","peripheral"
1.3893740978508,1.8723528446866,"Macri","peripheral"
1.33471159178739,1.91395948792364,"Macri","peripheral"
1.27818398727925,1.95394069243767,"Macri","peripheral"
1.21984763227189,1.99225660409452,"Macri","peripheral"
1.15976067771267,2.02886902876017,"Macri","peripheral"
1.09798301958464,2.06374147037349,"Macri","peripheral"
1.03457623920095,2.09683916732626,"Macri","peripheral"
0.969603541819217,2.12812912711439,"Macri","peripheral"
0.903129693637208,2.15758015922546,"Macri","peripheral"
0.835220957232437,2.18516290623018,"Macri","peripheral"
0.765945025510209,2.21084987304648,"Macri","peripheral"
0.695370954225852,2.23461545434719,"Macri","peripheral"
0.623569093148446,2.25643596008404,"Macri","peripheral"
0.55061101593463,2.27628963910236,"Macri","peripheral"
0.476569448782441,2.29415670082313,"Macri","peripheral"
0.401518197936248,2.31001933497067,"Macri","peripheral"
0.325532076115078,2.32386172932628,"Macri","peripheral"
0.248686827937688,2.33567008549022,"Macri","peripheral"
0.171059054418659,2.34543263263628,"Macri","peripheral"
0.0927261366108598,2.35313963924513,"Macri","peripheral"
0.0137661584703204,2.358783422805,"Macri","peripheral"
-0.0657421709795595,2.36235835746967,"Macri","peripheral"
-0.14571959610686,2.36386087966654,"Macri","peripheral"
-0.226086393674897,2.3632894916488,"Macri","peripheral"
-0.306762452312064,2.36064476298845,"Macri","peripheral"
-0.387667352368593,2.35592933000854,"Macri","peripheral"
-0.468720446080622,2.34914789315521,"Macri","peripheral"
-0.54984093796162,2.3403072123122,"Macri","peripheral"
-0.630947965341103,2.32941610006244,"Macri","peripheral"
-0.71196067897029,2.31648541290347,"Macri","peripheral"
-0.792798323614397,2.30152804042546,"Macri","peripheral"
-0.873380318551218,2.2845588924626,"Macri","peripheral"
-0.953626337895726,2.2655948842306,"Macri","peripheral"
-1.03345639067068,2.2446549194653,"Macri","peripheral"
-1.11279090054336,2.22175987157897,"Macri","peripheral"
-1.19155078514897,2.19693256285325,"Macri","peripheral"
-1.26965753492172,2.17019774168942,"Macri","peripheral"
-1.34703329135477,2.14158205793864,"Macri","peripheral"
-1.42360092461138,2.11111403633679,"Macri","peripheral"
-1.49928411040956,2.07882404807042,"Macri","peripheral"
-1.57400740610376,2.04474428050205,"Macri","peripheral"
-1.64769632588779,2.00890870508515,"Macri","peripheral"
-1.72027741504383,1.97135304350065,"Macri","peripheral"
-1.79167832316376,1.93211473204875,"Macri","peripheral"
-1.86182787626955,1.89123288433165,"Macri","peripheral"
-1.93065614776109,1.84874825226424,"Macri","peripheral"
-1.99809452812049,1.80470318545171,"Macri","peripheral"
-2.06407579330359,1.75914158897453,"Macri","peripheral"
-2.12853417175032,1.71210887962292,"Macri","peripheral"
-2.19140540994721,1.66365194062443,"Macri","peripheral"
-2.25262683647674,1.61381907490966,"Macri","peripheral"
-2.31213742448952,1.56265995696292,"Macri","peripheral"
-2.3698778525372,1.51022558330556,"Macri","peripheral"
-2.42579056370538,1.45656822166156,"Macri","peripheral"
-2.4798198229876,1.40174135885594,"Macri","peripheral"
-2.53191177284321,1.3457996474979,"Macri","peripheral"
-2.58201448688369,1.28879885150191,"Macri","peripheral"
-2.6300780216341,1.23079579050107,"Macri","peripheral"
-2.6760544663177,1.171848283208,"Macri","peripheral"
-2.71989799061458,1.11201508977995,"Macri","peripheral"
-2.7615648903462,1.05135585324535,"Macri","peripheral"
-2.80101363104077,0.989931040050389,"Macri","peripheral"
-2.83820488933564,0.927801879784693,"Macri","peripheral"
-2.87310159217571,0.865030304146381,"Macri","peripheral"
-2.90566895376869,0.801678885207188,"Macri","peripheral"
-2.93587451026026,0.737810773039251,"Macri","peripheral"
-2.96368815209482,0.673489632765766,"Macri","peripheral"
-2.98908215402931,0.608779581098188,"Macri","peripheral"
-3.01203120277033,0.54374512242331,"Macri","peripheral"
-3.03251242220701,0.478451084503891,"Macri","peripheral"
-3.05050539621441,0.412962553856915,"Macri","peripheral"
-3.06599218900472,0.347344810873958,"Macri","peripheral"
-3.07895736300609,0.281663264748254,"Macri","peripheral"
-3.08938799425112,0.2159833882734,"Macri","peripheral"
-3.09727368525973,0.150370652578653,"Macri","peripheral"
-3.10260657540364,0.084890461865873,"Macri","peripheral"
-3.10538134874197,0.0196080882132055,"Macri","peripheral"
-3.10559523932031,-0.0454113934895574,"Macri","peripheral"
-3.10324803392789,-0.110103170409031,"Macri","peripheral"
-3.09834207231008,-0.174402756375087,"Macri","peripheral"
-3.09088224483611,-0.238246056162072,"Macri","peripheral"
-3.08087598762426,-0.301569429380313,"Macri","peripheral"
-3.06833327512931,-0.364309753914255,"Macri","peripheral"
-3.05326661019986,-0.426404488843946,"Macri","peripheral"
-3.03569101161517,-0.487791736787191,"Macri","peripheral"
-1.00237791508136,1.48569154031978,"Fernández","metropolitan"
-1.04014336520487,1.45234379140176,"Fernández","metropolitan"
-1.07675572535764,1.41772178517653,"Fernández","metropolitan"
-1.11217849954284,1.38186003361286,"Fernández","metropolitan"
-1.1463763775688,1.34479428448459,"Fernández","metropolitan"
-1.17931527024697,1.30656148573656,"Fernández","metropolitan"
-1.2109623433728,1.26719974865404,"Fernández","metropolitan"
-1.24128605045554,1.22674830987256,"Fernández","metropolitan"
-1.27025616416451,1.18524749226605,"Fernández","metropolitan"
-1.29784380646031,1.14273866475202,"Fernández","metropolitan"
-1.32402147738116,1.09926420105421,"Fernández","metropolitan"
-1.34876308245537,1.05486743746351,"Fernández","metropolitan"
-1.37204395871293,1.00959262963938,"Fernández","metropolitan"
-1.39384089927008,0.963484908494887,"Fernández","metropolitan"
-1.41413217646245,0.916590235209204,"Fernández","metropolitan"
-1.43289756350364,0.868955355412509,"Fernández","metropolitan"
-1.45011835464775,0.82062775258893,"Fernández","metropolitan"
-1.46577738383564,0.771655600743974,"Fernández","metropolitan"
-1.47985904180649,0.722087716383629,"Fernández","metropolitan"
-1.49234929165737,0.67197350985301,"Fernández","metropolitan"
-1.50323568283562,0.621362936083054,"Fernández","metropolitan"
-1.51250736354974,0.570306444794355,"Fernández","metropolitan"
-1.52015509158676,0.51885493020779,"Fernández","metropolitan"
-1.52617124352506,0.467059680312047,"Fernández","metropolitan"
-1.53054982233354,0.414972325738648,"Fernández","metropolitan"
-1.53328646334963,0.362644788295409,"Fernández","metropolitan"
-1.53437843863005,0.310129229209655,"Fernández","metropolitan"
-1.53382465967009,0.257477997132773,"Fernández","metropolitan"
-1.53162567848865,0.204743575957937,"Fernández","metropolitan"
-1.52778368707801,0.151978532503025,"Fernández","metropolitan"
-1.52230251521876,0.0992354641108675,"Fernández","metropolitan"
-1.5151876266622,0.0465669462190764,"Fernández","metropolitan"
-1.50644611368399,-0.0059745200482971,"Fernández","metropolitan"
-1.49608669001436,-0.0583365602150242,"Fernández","metropolitan"
-1.48411968215213,-0.110466978660715,"Fernández","metropolitan"
-1.47055701907098,-0.162313810650549,"Fernández","metropolitan"
-1.45541222032844,-0.213825374134853,"Fernández","metropolitan"
-1.43870038258924,-0.264950321266887,"Fernández","metropolitan"
-1.4204381645767,-0.315637689587505,"Fernández","metropolitan"
-1.40064377046689,-0.365836952825634,"Fernández","metropolitan"
-1.37933693174234,-0.41549807126396,"Fernández","metropolitan"
-1.35653888752326,-0.464571541619612,"Fernández","metropolitan"
-1.33227236339593,-0.513008446390107,"Fernández","metropolitan"
-1.30656154875935,-0.56076050261538,"Fernández","metropolitan"
-1.27943207271269,-0.607780110007291,"Fernández","metropolitan"
-1.25091097850769,-0.654020398398626,"Fernández","metropolitan"
-1.2210266965913,-0.699435274464299,"Fernández","metropolitan"
-1.18980901626566,-0.74397946766818,"Fernández","metropolitan"
-1.15728905599343,-0.787608575389751,"Fernández","metropolitan"
-1.12349923237824,-0.830279107185606,"Fernández","metropolitan"
-1.08847322785112,-0.871948528141667,"Fernández","metropolitan"
-1.05224595709511,-0.912575301272912,"Fernández","metropolitan"
-1.01485353224156,-0.952118928928347,"Fernández","metropolitan"
-0.976333226872771,-0.990539993159945,"Fernández","metropolitan"
-0.93672343886685,-1.02780019501531,"Fernández","metropolitan"
-0.896063652121905,-1.06386239271491,"Fernández","metropolitan"
-0.854394397197619,-1.09869063867582,"Fernández","metropolitan"
-0.811757210913507,-1.13225021534502,"Fernández","metropolitan"
-0.768194594944117,-1.16450766980665,"Fernández","metropolitan"
-0.723749973452433,-1.19543084712857,"Fernández","metropolitan"
-0.678467649803721,-1.22498892241514,"Fernández","metropolitan"
-0.632392762402981,-1.25315243153407,"Fernández","metropolitan"
-0.585571239699994,-1.279893300487,"Fernández","metropolitan"
-0.538049754406847,-1.3051848733942,"Fernández","metropolitan"
-0.489875676973564,-1.32900193906577,"Fernández","metropolitan"
-0.441097028368201,-1.35132075613267,"Fernández","metropolitan"
-0.39176243220851,-1.37211907671267,"Fernández","metropolitan"
-0.341921066292854,-1.3913761685875,"Fernández","metropolitan"
-0.291622613578711,-1.40907283586919,"Fernández","metropolitan"
-0.24091721265762,-1.42519143813493,"Fernández","metropolitan"
-0.189855407775941,-1.43971590801144,"Fernández","metropolitan"
-0.138488098451257,-1.45263176719127,"Fernández","metropolitan"
-0.0868664887346188,-1.46392614086511,"Fernández","metropolitan"
-0.0350420361692424,-1.47358777055564,"Fernández","metropolitan"
0.0169335995034953,-1.48160702534027,"Fernández","metropolitan"
0.0690086078396079,-1.48797591145145,"Fernández","metropolitan"
0.121131079338277,-1.49268808024497,"Fernández","metropolitan"
0.173249057186371,-1.49573883452851,"Fernández","metropolitan"
0.225310589050127,-1.49712513324386,"Fernández","metropolitan"
0.277263778862368,-1.4968455944983,"Fernández","metropolitan"
0.329056838553628,-1.49490049694214,"Fernández","metropolitan"
0.380638139675629,-1.49129177949092,"Fernández","metropolitan"
0.431956264865642,-1.48602303939268,"Fernández","metropolitan"
0.482960059100429,-1.47909952864212,"Fernández","metropolitan"
0.533598680688683,-1.47052814874535,"Fernández","metropolitan"
0.583821651951133,-1.46031744384024,"Fernández","metropolitan"
0.633578909537793,-1.4484775921795,"Fernández","metropolitan"
0.682820854332199,-1.43502039598476,"Fernández","metropolitan"
0.731498400892881,-1.41995926968185,"Fernández","metropolitan"
0.779563026382807,-1.403309226529,"Fernández","metropolitan"
0.826966818937994,-1.38508686365134,"Fernández","metropolitan"
0.873662525427103,-1.36531034549648,"Fernández","metropolitan"
0.919603598554382,-1.3439993857278,"Fernández","metropolitan"
0.964744243259029,-1.32117522757346,"Fernández","metropolitan"
1.0090394623647,-1.29686062265069,"Fernández","metropolitan"
1.05244510143367,-1.27107980828645,"Fernández","metropolitan"
1.09491789278095,-1.24385848335719,"Fernández","metropolitan"
1.13641549860443,-1.21522378267158,"Fernández","metropolitan"
1.17689655318817,-1.185204249922,"Fernández","metropolitan"
1.21632070413657,-1.15382980923157,"Fernández","metropolitan"
1.2546486525986,-1.12113173532507,"Fernández","metropolitan"
1.29184219244168,-1.08714262235369,"Fernández","metropolitan"
1.32786424833642,-1.05189635140441,"Fernández","metropolitan"
1.36267891271412,-1.01542805672665,"Fernández","metropolitan"
1.39625148156019,-0.977774090709638,"Fernández","metropolitan"
1.42854848900787,-0.938971987645583,"Fernández","metropolitan"
1.45953774069775,-0.899060426314676,"Fernández","metropolitan"
1.48918834586981,-0.858079191429235,"Fernández","metropolitan"
1.51747074815599,-0.816069133975438,"Fernández","metropolitan"
1.5443567550426,-0.773072130492176,"Fernández","metropolitan"
1.56981956597328,-0.729131041327605,"Fernández","metropolitan"
1.59383379906434,-0.68428966791502,"Fernández","metropolitan"
1.61637551640596,-0.638592709110633,"Fernández","metropolitan"
1.63742224792409,-0.592085716636781,"Fernández","metropolitan"
1.65695301377902,-0.544815049674982,"Fernández","metropolitan"
1.67494834527861,-0.496827828654086,"Fernández","metropolitan"
1.69139030428505,-0.44817188827962,"Fernández","metropolitan"
1.70626250109604,-0.3988957298511,"Fernández","metropolitan"
1.71955011078236,-0.349048472914887,"Fernández","metropolitan"
1.7312398879657,-0.298679806300758,"Fernández","metropolitan"
1.74132018002193,-0.247839938590994,"Fernández","metropolitan"
1.74978093869673,-0.196579548071373,"Fernández","metropolitan"
1.75661373012182,-0.144949732213962,"Fernández","metropolitan"
1.76181174322213,-0.0930019567420333,"Fernández","metropolitan"
1.76536979650516,-0.0407880043279194,"Fernández","metropolitan"
1.767284343226,0.0116400770250825,"Fernández","metropolitan"
1.76755347492286,0.0642300258652927,"Fernández","metropolitan"
1.7661769233194,0.116929419387997,"Fernández","metropolitan"
1.7631560605922,0.169685725691647,"Fernández","metropolitan"
1.75849389800292,0.222446356142792,"Fernández","metropolitan"
1.75219508289663,0.275158717797576,"Fernández","metropolitan"
1.7442658940692,0.327770265827536,"Fernández","metropolitan"
1.7347142355085,0.380228555897414,"Fernández","metropolitan"
1.72354962851551,0.432481296442826,"Fernández","metropolitan"
1.71078320221328,0.484476400795622,"Fernández","metropolitan"
1.69642768245319,0.53616203910501,"Fernández","metropolitan"
1.68049737912954,0.587486690002684,"Fernández","metropolitan"
1.66300817191513,0.638399191960436,"Fernández","metropolitan"
1.64397749443205,0.68884879428909,"Fernández","metropolitan"
1.6234243168735,0.738785207727883,"Fernández","metropolitan"
1.60136912709384,0.788158654573897,"Fernández","metropolitan"
1.57783391018591,0.836919918301564,"Fernández","metropolitan"
1.55284212656575,0.885020392622753,"Fernández","metropolitan"
1.52641868858677,0.932412129938592,"Fernández","metropolitan"
1.49858993570662,0.979047889134664,"Fernández","metropolitan"
1.46938360823137,1.02488118267198,"Fernández","metropolitan"
1.43882881966342,1.06986632292678,"Fernández","metropolitan"
1.4069560276805,1.11395846773294,"Fernández","metropolitan"
1.37379700377483,1.15711366508161,"Fernández","metropolitan"
1.33938480158256,1.19928889693355,"Fernández","metropolitan"
1.30375372393522,1.24044212210045,"Fernández","metropolitan"
1.26693928866591,1.28053231815245,"Fernández","metropolitan"
1.22897819320432,1.31951952231028,"Fernández","metropolitan"
1.18990827799599,1.35736487128096,"Fernández","metropolitan"
1.14976848878206,1.39403063999756,"Fernández","metropolitan"
1.10859883777737,1.42948027922446,"Fernández","metropolitan"
1.0664403637854,1.46367845199032,"Fernández","metropolitan"
1.02333509128985,1.49659106881279,"Fernández","metropolitan"
0.979325988563792,1.52818532167966,"Fernández","metropolitan"
0.934456924837922,1.55842971675256,"Fernández","metropolitan"
0.888772626570753,1.58729410576075,"Fernández","metropolitan"
0.842318632864326,1.61474971605352,"Fernández","metropolitan"
0.795141250069834,1.64076917928145,"Fernández","metropolitan"
0.747287505628442,1.66532655867772,"Fernández","metropolitan"
0.698805101193318,1.68839737491249,"Fernández","metropolitan"
0.649742365079578,1.7099586304944,"Fernández","metropolitan"
0.600148204089582,1.72998883269498,"Fernández","metropolitan"
0.550072054761562,1.74846801497306,"Fernández","metropolitan"
0.499563834090204,1.76537775687787,"Fernández","metropolitan"
0.448673889768311,1.78070120241093,"Fernández","metropolitan"
0.397452949999119,1.79442307682849,"Fernández","metropolitan"
0.345952072929324,1.80652970186771,"Fernández","metropolitan"
0.294222595753216,1.81700900938145,"Fernández","metropolitan"
0.242316083538634,1.8258505533681,"Fernández","metropolitan"
0.190284277825802,1.83304552038431,"Fernández","metropolitan"
0.138179045050222,1.8385867383305,"Fernández","metropolitan"
0.0860523248410938,1.84246868360011,"Fernández","metropolitan"
0.0339560782467518,1.84468748658567,"Fernández","metropolitan"
-0.0180577640612256,1.8452409355361,"Fernández","metropolitan"
-0.0699373535536453,1.84412847876147,"Fernández","metropolitan"
-0.121630975527445,1.84135122518287,"Fernández","metropolitan"
-0.173087100656024,1.83691194322707,"Fernández","metropolitan"
-0.224254436354805,1.83081505806687,"Fernández","metropolitan"
-0.275081977910796,1.82306664720999,"Fernández","metropolitan"
-0.32551905932519,1.81367443444088,"Fernández","metropolitan"
-0.375515403818348,1.8026477821215,"Fernández","metropolitan"
-0.425021173946775,1.78999768185866,"Fernández","metropolitan"
-0.473987021282174,1.77573674354743,"Fernández","metropolitan"
-0.522364135603029,1.75987918280126,"Fernández","metropolitan"
-0.570104293549693,1.74244080678156,"Fernández","metropolitan"
-0.617159906694492,1.7234389984408,"Fernández","metropolitan"
-0.663484068978892,1.70289269919477,"Fernández","metropolitan"
-0.709030603470488,1.68082239004139,"Fernández","metropolitan"
-0.753754108393168,1.65725007114481,"Fernández","metropolitan"
-0.797610002384592,1.63219923990514,"Fernández","metropolitan"
-0.840554568935869,1.60569486753576,"Fernández","metropolitan"
-0.882544999969115,1.57776337417146,"Fernández","metropolitan"
-0.923539438509485,1.54843260253227,"Fernández","metropolitan"
-0.963497020409108,1.51773179016923,"Fernández","metropolitan"
-1.00237791508136,1.48569154031978,"Fernández","metropolitan"
-2.00309845324514,0.315841700703348,"Fernández","intermediate"
-2.00148137433357,0.259942059269553,"Fernández","intermediate"
-1.99790315391317,0.204120456194203,"Fernández","intermediate"
-1.99236735883184,0.148432535665232,"Fernández","intermediate"
-1.98487950729053,0.0929338086129045,"Fernández","intermediate"
-1.9754470633425,0.0376795973753143,"Fernández","intermediate"
-1.964079429453,-0.017275019448128,"Fernández","intermediate"
-1.95078793712671,-0.0718752619002391,"Fernández","intermediate"
-1.93558583561225,-0.126066703271915,"Fernández","intermediate"
-1.91848827869501,-0.179795324355861,"Fernández","intermediate"
-1.89951230959156,-0.233007567294108,"Fernández","intermediate"
-1.87867684396059,-0.285650388965655,"Fernández","intermediate"
-1.85600265104736,-0.337671313861001,"Fernández","intermediate"
-1.83151233298047,-0.389018486390878,"Fernández","intermediate"
-1.80523030224159,-0.439640722577027,"Fernández","intermediate"
-1.77718275733052,-0.489487561073503,"Fernández","intermediate"
-1.74739765665,-0.538509313467642,"Fernández","intermediate"
-1.71590469063614,-0.586657113810548,"Fernández","intermediate"
-1.68273525216237,-0.633882967327738,"Fernández","intermediate"
-1.64792240524632,-0.680139798261376,"Fernández","intermediate"
-1.61150085209088,-0.725381496796408,"Fernández","intermediate"
-1.57350689849232,-0.769562965023834,"Fernández","intermediate"
-1.53397841764988,-0.812640161895283,"Fernández","intermediate"
-1.49295481241291,-0.854570147124084,"Fernández","intermediate"
-1.45047697600327,-0.895311123989083,"Fernández","intermediate"
-1.40658725125209,-0.934822480998521,"Fernández","intermediate"
-1.3613293883915,-0.97306483237245,"Fernández","intermediate"
-1.31474850144346,-1.01000005730334,"Fernández","intermediate"
-1.26689102324909,-1.04559133795573,"Fernández","intermediate"
-1.21780465918346,-1.07980319616703,"Fernández","intermediate"
-1.16753833960177,-1.11260152881295,"Fernández","intermediate"
-1.11614217106455,-1.14395364180222,"Fernández","intermediate"
-1.06366738639036,-1.17382828266679,"Fernández","intermediate"
-1.01016629358575,-1.20219567171493,"Fernández","intermediate"
-0.955692223703564,-1.22902753171632,"Fernández","intermediate"
-0.900299477681337,-1.25429711608937,"Fernández","intermediate"
-0.844043272212967,-1.27797923556283,"Fernández","intermediate"
-0.786979684707506,-1.30005028328499,"Fernández","intermediate"
-0.729165597389979,-1.32048825835546,"Fernández","intermediate"
-0.670658640599943,-1.33927278775624,"Fernández","intermediate"
-0.611517135344316,-1.35638514665989,"Fernández","intermediate"
-0.551800035161727,-1.37180827709489,"Fernández","intermediate"
-0.491566867356343,-1.38552680494943,"Fernández","intermediate"
-0.430877673659764,-1.39752705529658,"Fernández","intermediate"
-0.369792950380113,-1.40779706602583,"Fernández","intermediate"
-0.308373588098004,-1.41632659976713,"Fernández","intermediate"
-0.246680810969488,-1.42310715409574,"Fernández","intermediate"
-0.18477611569648,-1.42813197000766,"Fernández","intermediate"
-0.122721210225509,-1.4313960386571,"Fernández","intermediate"
-0.0605779522358975,-1.43289610634945,"Fernández","intermediate"
0.00159171252132111,-1.43263067778462,"Fernández","intermediate"
0.0637258119722717,-1.43060001754755,"Fernández","intermediate"
0.125762409495352,-1.42680614984455,"Fernández","intermediate"
0.187639665660999,-1.42125285648545,"Fernández","intermediate"
0.249295899874582,-1.41394567311383,"Fernández","intermediate"
0.31066965186096,-1.404891883689,"Fernández","intermediate"
0.371699742929417,-1.39410051322516,"Fernández","intermediate"
0.432325336957915,-1.38158231879506,"Fernández","intermediate"
0.492486001035861,-1.36734977880717,"Fernández","intermediate"
0.55212176570495,-1.35141708056685,"Fernández","intermediate"
0.611173184738022,-1.33380010613422,"Fernández","intermediate"
0.669581394396355,-1.31451641649253,"Fernández","intermediate"
0.72728817210632,-1.29358523404297,"Fernández","intermediate"
0.784235994496908,-1.27102742344342,"Fernández","intermediate"
0.84036809474028,-1.24686547081007,"Fernández","intermediate"
0.89562851913817,-1.22112346130276,"Fernández","intermediate"
0.949962182897756,-1.1938270551164,"Fernández","intermediate"
1.00331492504137,-1.16500346190232,"Fernández","intermediate"
1.05563356239535,-1.13468141364506,"Fernández","intermediate"
1.10686594260417,-1.10289113602177,"Fernández","intermediate"
1.15696099611706,-1.06966431827255,"Fernández","intermediate"
1.20586878709522,-1.03503408161193,"Fernández","intermediate"
1.25354056318898,-0.999034946212942,"Fernández","intermediate"
1.29992880413518,-0.961702796796652,"Fernández","intermediate"
1.34498726912641,-0.923074846861482,"Fernández","intermediate"
1.38867104290484,-0.883189601587996,"Fernández","intermediate"
1.43093658053477,-0.842086819456092,"Fernández","intermediate"
1.47174175080909,-0.799807472612888,"Fernández","intermediate"
1.51104587824667,-0.756393706030794,"Fernández","intermediate"
1.5488097836385,-0.711888795496487,"Fernández","intermediate"
1.58499582310241,-0.666337104472665,"Fernández","intermediate"
1.61956792560731,-0.619784039875582,"Fernández","intermediate"
1.65249162892955,-0.57227600681245,"Fernández","intermediate"
1.68373411400565,-0.523860362323811,"Fernández","intermediate"
1.71326423764703,-0.474585368177022,"Fernández","intermediate"
1.74105256358424,-0.424500142757862,"Fernández","intermediate"
1.76707139180966,-0.373654612108265,"Fernández","intermediate"
1.79129478618945,-0.322099460158954,"Fernández","intermediate"
1.8136986003173,-0.269886078206594,"Fernández","intermediate"
1.83426050158406,-0.217066513685835,"Fernández","intermediate"
1.85295999343937,-0.163693418287293,"Fernández","intermediate"
1.86977843582308,-0.1098199954732,"Fernández","intermediate"
1.88469906374606,-0.0554999474430383,"Fernández","intermediate"
1.89770700400191,-0.000787421602017335,"Fernández","intermediate"
1.90878928999288,0.0542630434142362,"Fernández","intermediate"
1.91793487465529,0.109596572104974,"Fernández","intermediate"
1.92513464147146,0.165158006805424,"Fernández","intermediate"
1.93038141355724,0.220891962669146,"Fernández","intermediate"
1.93366996081611,0.276742882876851,"Fernández","intermediate"
1.93499700515264,0.332655094016652,"Fernández","intermediate"
1.93436122374019,0.388572861580524,"Fernández","intermediate"
1.93176325033948,0.444440445521678,"Fernández","intermediate"
1.92720567466691,0.500202155817455,"Fernández","intermediate"
1.92069303981303,0.555802407982344,"Fernández","intermediate"
1.91223183771388,0.611185778475815,"Fernández","intermediate"
1.90183050267974,0.666297059949698,"Fernández","intermediate"
1.88949940298756,0.721081316280081,"Fernández","intermediate"
1.8752508305457,0.775483937328824,"Fernández","intermediate"
1.85909898864104,0.829450693380137,"Fernández","intermediate"
1.84105997778086,0.882927789197937,"Fernández","intermediate"
1.82115177964347,0.935861917650114,"Fernández","intermediate"
1.79939423915376,0.98820031284623,"Fernández","intermediate"
1.77580904470124,1.03989080273572,"Fernández","intermediate"
1.75041970652068,1.09088186111411,"Fernández","intermediate"
1.72325153325653,1.14112265898548,"Fernández","intermediate"
1.69433160673474,1.19056311522989,"Fernández","intermediate"
1.66368875496701,1.23915394652533,"Fernández","intermediate"
1.6313535234144,1.28684671647445,"Fernández","intermediate"
1.59735814453893,1.33359388388694,"Fernández","intermediate"
1.56173650567358,1.3793488501697,"Fernández","intermediate"
1.52452411524266,1.42406600577726,"Fernández","intermediate"
1.48575806736624,1.46770077567642,"Fernández","intermediate"
1.4454770048839,1.51020966377959,"Fernández","intermediate"
1.40372108083476,1.55155029630265,"Fernández","intermediate"
1.36053191843199,1.59168146400403,"Fernández","intermediate"
1.31595256957195,1.63056316326302,"Fernández","intermediate"
1.27002747191906,1.66815663595619,"Fernández","intermediate"
1.22280240460944,1.70442440809241,"Fernández","intermediate"
1.17432444261721,1.73933032716766,"Fernández","intermediate"
1.12464190982917,1.7728395982027,"Fernández","intermediate"
1.07380433087449,1.80491881842741,"Fernández","intermediate"
1.02186238175745,1.83553601057741,"Fernández","intermediate"
0.968867839342557,1.86466065476972,"Fernández","intermediate"
0.914873529742197,1.89226371892562,"Fernández","intermediate"
0.859933275658427,1.91831768771046,"Fernández","intermediate"
0.804101842731343,1.94279658996154,"Fernández","intermediate"
0.747434884947485,1.96567602457673,"Fernández","intermediate"
0.689988889162748,1.98693318483804,"Fernández","intermediate"
0.631821118795044,2.00654688114582,"Fernández","intermediate"
0.572989556742888,2.02449756214105,"Fernández","intermediate"
0.513552847586784,2.04076733419452,"Fernández","intermediate"
0.453570239131025,2.05533997924362,"Fernández","intermediate"
0.393101523344203,2.06820097095885,"Fernández","intermediate"
0.332206976757265,2.07933748922396,"Fernández","intermediate"
0.270947300378563,2.08873843291536,"Fernández","intermediate"
0.209383559185767,2.09639443096792,"Fernández","intermediate"
0.147577121254962,2.1022978517163,"Fernández","intermediate"
0.085589596587625,2.10644281050229,"Fernández","intermediate"
0.0234827756964249,2.10882517554085,"Fernández","intermediate"
-0.0386814319888932,2.10944257203868,"Fernández","intermediate"
-0.100841059834186,2.10829438456153,"Fernández","intermediate"
-0.162934145770591,2.10538175764766,"Fernández","intermediate"
-0.224898794059665,2.1007075946669,"Fernández","intermediate"
-0.286673236992411,2.09427655492658,"Fernández","intermediate"
-0.348195896460663,2.08609504902696,"Fernández","intermediate"
-0.40940544533949,2.07617123247105,"Fernández","intermediate"
-0.470240868619407,2.06451499753502,"Fernández","intermediate"
-0.530641524227457,2.05113796340735,"Fernández","intermediate"
-0.590547203476562,2.03605346460658,"Fernández","intermediate"
-0.649898191082835,2.01927653768915,"Fernández","intermediate"
-0.708635324691088,2.00082390626068,"Fernández","intermediate"
-0.766700053849145,1.98071396430549,"Fernández","intermediate"
-0.824034498372207,1.95896675785105,"Fernández","intermediate"
-0.880581506039088,1.93560396498571,"Fernández","intermediate"
-0.936284709562778,1.91064887424949,"Fernández","intermediate"
-0.991088582778592,1.88412636141954,"Fernández","intermediate"
-1.04493849599385,1.85606286471346,"Fernández","intermediate"
-1.09778077044396,1.82648635843507,"Fernández","intermediate"
-1.14956273180054,1.79542632508906,"Fernández","intermediate"
-1.20023276267838,1.76291372599215,"Fernández","intermediate"
-1.24974035408875,1.72898097041019,"Fernández","intermediate"
-1.29803615578786,1.6936618832519,"Fernández","intermediate"
-1.34507202547025,1.65699167135147,"Fernández","intermediate"
-1.3908010767581,1.61900688837361,"Fernández","intermediate"
-1.43517772593859,1.57974539837608,"Fernández","intermediate"
-1.47815773740273,1.53924633806594,"Fernández","intermediate"
-1.51969826774037,1.49755007778728,"Fernández","intermediate"
-1.55975790844747,1.45469818127914,"Fernández","intermediate"
-1.59829672720297,1.41073336424388,"Fernández","intermediate"
-1.6352763076742,1.36569945176726,"Fernández","intermediate"
-1.67065978781113,1.31964133463262,"Fernández","intermediate"
-1.70441189659126,1.27260492457277,"Fernández","intermediate"
-1.73649898917851,1.22463710850418,"Fernández","intermediate"
-1.76688908046119,1.17578570178912,"Fernández","intermediate"
-1.79555187693538,1.12609940057218,"Fernández","intermediate"
-1.82245880690221,1.07562773323899,"Fernández","intermediate"
-1.84758304894873,1.02442101104519,"Fernández","intermediate"
-1.87089955868408,0.972530277965071,"Fernández","intermediate"
-1.89238509370427,0.920007259809885,"Fernández","intermediate"
-1.91201823676073,0.866904312666378,"Fernández","intermediate"
-1.92977941710949,0.813274370707124,"Fernández","intermediate"
-1.94565093001971,0.759170893424597,"Fernández","intermediate"
-1.95961695442217,0.704647812341572,"Fernández","intermediate"
-1.97166356867999,0.649759477251024,"Fernández","intermediate"
-1.98177876446611,0.594560602039065,"Fernández","intermediate"
-1.98995245873338,0.539106210144948,"Fernández","intermediate"
-1.99617650376561,0.48345157971252,"Fernández","intermediate"
-2.00044469529934,0.427652188487751,"Fernández","intermediate"
-2.00275277870843,0.37176365851732,"Fernández","intermediate"
-2.00309845324514,0.315841700703348,"Fernández","intermediate"
-3.00920373902814,-0.574696749708206,"Fernández","peripheral"
-2.97905089181911,-0.636347235862301,"Fernández","peripheral"
-2.94655853246557,-0.696832741015537,"Fernández","peripheral"
-2.91175905005797,-0.756092971900961,"Fernández","peripheral"
-2.87468713347718,-0.814068856631655,"Fernández","peripheral"
-2.83537973681588,-0.870702603584879,"Fernández","peripheral"
-2.79387604254189,-0.925937759010021,"Fernández","peripheral"
-2.75021742244028,-0.979719263302916,"Fernández","peripheral"
-2.70444739637304,-1.03199350589047,"Fernández","peripheral"
-2.65661158889755,-1.08270837867081,"Fernández","peripheral"
-2.606757683787,-1.13181332795585,"Fernández","peripheral"
-2.55493537649823,-1.1792594048642,"Fernández","peripheral"
-2.50119632463415,-1.22499931411456,"Fernández","peripheral"
-2.44559409645035,-1.26898746117067,"Fernández","peripheral"
-2.38818411745711,-1.31117999769089,"Fernández","peripheral"
-2.32902361517003,-1.35153486523723,"Fernández","peripheral"
-2.26817156206437,-1.39001183720011,"Fernández","peripheral"
-2.20568861679007,-1.42657255889707,"Fernández","peripheral"
-2.14163706370584,-1.46118058580563,"Fernández","peripheral"
-2.07608075079276,-1.49380141989192,"Fernández","peripheral"
-2.00908502600923,-1.52440254399909,"Fernández","peripheral"
-1.94071667215073,-1.55295345426114,"Fernández","peripheral"
-1.87104384027922,-1.5794256905098,"Fernández","peripheral"
-1.80013598178874,-1.60379286464426,"Fernández","peripheral"
-1.72806377917472,-1.62603068693542,"Fernández","peripheral"
-1.65489907557611,-1.64611699023841,"Fernández","peripheral"
-1.58071480316063,-1.66403175208925,"Fernández","peripheral"
-1.50558491042435,-1.67975711466373,"Fernández","peripheral"
-1.42958428847825,-1.69327740257845,"Fernández","peripheral"
-1.35278869639513,-1.70457913851638,"Fernández","peripheral"
-1.27527468569129,-1.71365105666135,"Fernández","peripheral"
-1.19711952401835,-1.72048411392806,"Fernández","peripheral"
-1.11840111814116,-1.72507149897642,"Fernández","peripheral"
-1.03919793627865,-1.72740863900125,"Fernández","peripheral"
-0.959588929884959,-1.72749320429056,"Fernández","peripheral"
-0.879653454948987,-1.72532511054781,"Fernández","peripheral"
-0.799471192890553,-1.72090651897601,"Fernández","peripheral"
-0.719122071132256,-1.71424183412332,"Fernández","peripheral"
-0.638686183426067,-1.70533769949255,"Fernández","peripheral"
-0.558243710014143,-1.69420299091874,"Fernández","peripheral"
-0.477874837703418,-1.68084880772156,"Fernández","peripheral"
-0.397659679933644,-1.66528846164123,"Fernández","peripheral"
-0.317678196918578,-1.64753746356913,"Fernández","peripheral"
-0.238010115939899,-1.62761350808618,"Fernández","peripheral"
-0.158734851873319,-1.6055364558245,"Fernández","peripheral"
-0.079931428026112,-1.58132831366992,"Fernández","peripheral"
-0.00167839736495823,-1.555013212825,"Fernández","peripheral"
0.0759462357873607,-1.52661738475456,"Fernández","peripheral"
0.152865093508364,-1.49616913503756,"Fernández","peripheral"
0.22900150140787,-1.46369881515149,"Fernández","peripheral"
0.304279565058699,-1.42923879221737,"Fernández","peripheral"
0.37862424564988,-1.3928234167355,"Fernández","peripheral"
0.451961434786979,-1.35448898834409,"Fernández","peripheral"
0.524218028364952,-1.31427371963505,"Fernández","peripheral"
0.595321999439909,-1.27221769806281,"Fernández","peripheral"
0.665202470027138,-1.22836284598431,"Fernández","peripheral"
0.733789781753822,-1.18275287886983,"Fernández","peripheral"
0.801015565296018,-1.1354332617265,"Fernández","peripheral"
0.866812808530689,-1.08645116377779,"Fernández","peripheral"
0.931115923334842,-1.03585541144416,"Fernández","peripheral"
0.9938608109652,-0.983696439671892,"Fernández","peripheral"
1.05498492595322,-0.930026241658378,"Fernández","peripheral"
1.11442733845177,-0.8748983170242,"Fernández","peripheral"
1.17212879497135,-0.818367618483535,"Fernández","peripheral"
1.22803177744521,-0.7604904970661,"Fernández","peripheral"
1.28208056056468,-0.701324645945213,"Fernández","peripheral"
1.33422126732731,-0.640929042927992,"Fernández","peripheral"
1.38440192274266,-0.579363891664985,"Fernández","peripheral"
1.43257250564209,-0.516690561637871,"Fernández","peripheral"
1.47868499854098,-0.452971526985018,"Fernández","peripheral"
1.52269343550357,-0.388270304225906,"Fernández","peripheral"
1.56455394796281,-0.322651388946482,"Fernández","peripheral"
1.60422480844951,-0.256180191508553,"Fernández","peripheral"
1.6416664721872,-0.188922971847319,"Fernández","peripheral"
1.67684161651119,-0.120946773422025,"Fernández","peripheral"
1.70971517807264,-0.0523193563855826,"Fernández","peripheral"
1.74025438779047,0.0168908699602198,"Fernández","peripheral"
1.76842880351627,0.0866149153566013,"Fernández","peripheral"
1.79421034037972,0.156783277358777,"Fernández","peripheral"
1.81757329878419,0.227326010617505,"Fernández","peripheral"
1.83849439002464,0.298172796602134,"Fernández","peripheral"
1.85695275950236,0.369253013695644,"Fernández","peripheral"
1.8729300075132,0.440495807591808,"Fernández","peripheral"
1.8864102075889,0.511830161924307,"Fernández","peripheral"
1.89737992237285,0.583184969057387,"Fernández","peripheral"
1.90582821701479,0.654489100967499,"Fernández","peripheral"
1.91174667007088,0.725671480145258,"Fernández","peripheral"
1.91512938189842,0.796661150447047,"Fernández","peripheral"
1.91597298053669,0.867387347825654,"Fernández","peripheral"
1.91427662506821,0.937779570869403,"Fernández","peripheral"
1.910042006457,1.0077676510795,"Fernández","peripheral"
1.90327334586301,1.0772818228155,"Fernández","peripheral"
1.8939773904343,1.14625279283927,"Fernández","peripheral"
1.88216340658141,1.21461180938792,"Fernández","peripheral"
1.86784317074037,1.28229073070711,"Fernández","peripheral"
1.85103095763371,1.34922209297621,"Fernández","peripheral"
1.83174352604107,1.41533917755771,"Fernández","peripheral"
1.81000010209372,1.48057607750381,"Fernández","peripheral"
1.78582236010952,1.54486776325388,"Fernández","peripheral"
1.75923440098749,1.6081501474574,"Fernández","peripheral"
1.73026272818351,1.67036014885753,"Fernández","peripheral"
1.69893622129109,1.73143575517195,"Fernández","peripheral"
1.66528610725358,1.79131608490806,"Fernández","peripheral"
1.62934592923647,1.84994144805089,"Fernández","peripheral"
1.59115151319081,1.90725340556352,"Fernández","peripheral"
1.55074093214117,1.96319482764029,"Fernández","peripheral"
1.50815446823356,2.01770995065509,"Fernández","peripheral"
1.46343457258137,2.0707444327477,"Fernández","peripheral"
1.41662582294914,2.12224540799302,"Fernández","peripheral"
1.36777487931647,2.17216153909888,"Fernández","peripheral"
1.31693043736637,2.22044306858025,"Fernández","peripheral"
1.26414317994434,2.26704186835853,"Fernández","peripheral"
1.20946572653655,2.31191148773668,"Fernández","peripheral"
1.15295258081769,2.35500719970229,"Fernández","peripheral"
1.09466007632043,2.39628604551246,"Fernández","peripheral"
1.03464632028097,2.43570687751596,"Fernández","peripheral"
0.972971135716494,2.47323040017014,"Fernández","peripheral"
0.90969600179227,2.50881920921156,"Fernández","peripheral"
0.844883992537877,2.5424378289414,"Fernández","peripheral"
0.778599713973649,2.5740527475884,"Fernández","peripheral"
0.710909239709986,2.60363245071408,"Fernández","peripheral"
0.641880045083741,2.63114745262709,"Fernández","peripheral"
0.571580939897343,2.65657032577514,"Fernández","peripheral"
0.500081999827683,2.67987572808537,"Fernández","peripheral"
0.427454496573154,2.70104042822594,"Fernández","peripheral"
0.353770826808479,2.72004332876345,"Fernández","peripheral"
0.279104440018125,2.73686548719339,"Fernández","peripheral"
0.203529765280267,2.75149013482239,"Fernández","peripheral"
0.127122137074251,2.76390269348363,"Fernández","peripheral"
0.04995772018556,2.77409079006871,"Fernández","peripheral"
-0.0278865662169027,2.78204426886138,"Fernández","peripheral"
-0.106333125255525,2.78775520166101,"Fernández","peripheral"
-0.185303759694225,2.79121789568558,"Fernández","peripheral"
-0.264719749887173,2.79242889924639,"Fernández","peripheral"
-0.344501932248229,2.79138700518875,"Fernández","peripheral"
-0.424570778162941,2.78809325209531,"Fernández","peripheral"
-0.504846473264394,2.78255092325079,"Fernández","peripheral"
-0.5852489969939,2.77476554336912,"Fernández","peripheral"
-0.665698202367243,2.76474487308628,"Fernández","peripheral"
-0.746113895866923,2.75249890122432,"Fernández","peripheral"
-0.826415917380805,2.73803983483433,"Fernández","peripheral"
-0.906524220107469,2.72138208702812,"Fernández","peripheral"
-0.986358950348583,2.70254226261099,"Fernández","peripheral"
-1.06584052710883,2.68153914152963,"Fernández","peripheral"
-1.14488972142396,2.6583936601519,"Fernández","peripheral"
-1.22342773533793,2.633128890397,"Fernández","peripheral"
-1.30137628045047,2.60577001673688,"Fernández","peripheral"
-1.37865765595661,2.57634431109178,"Fernández","peripheral"
-1.45519482610056,2.54488110564504,"Fernández","peripheral"
-1.5309114969666,2.51141176360409,"Fernández","peripheral"
-1.60573219253057,2.47596964793697,"Fernández","peripheral"
-1.67958232989595,2.43859008811535,"Fernández","peripheral"
-1.75238829363974,2.39931034489737,"Fernández","peripheral"
-1.82407750919394,2.35816957318533,"Fernández","peripheral"
-1.89457851518939,2.31520878299517,"Fernández","peripheral"
-1.9638210346901,2.27047079857686,"Fernández","peripheral"
-2.03173604524677,2.22400021572622,"Fernández","peripheral"
-2.09825584769987,2.17584335733084,"Fernández","peripheral"
-2.16331413366368,2.12604822719449,"Fernández","peripheral"
-2.22684605162387,2.0746644621858,"Fernández","peripheral"
-2.28878827158297,2.02174328275921,"Fernández","peripheral"
-2.34907904818901,1.96733744189729,"Fernández","peripheral"
-2.40765828228469,1.91150117252541,"Fernández","peripheral"
-2.4644675808155,1.85429013345119,"Fernández","peripheral"
-2.5194503150372,1.79576135388258,"Fernández","peripheral"
-2.57255167696457,1.73597317657991,"Fernández","peripheral"
-2.62371873400522,1.67498519969858,"Fernández","peripheral"
-2.67290048172391,1.61285821738029,"Fernández","peripheral"
-2.72004789468494,1.54965415915212,"Fernández","peripheral"
-2.76511397532173,1.48543602819386,"Fernández","peripheral"
-2.808053800785,1.42026783853505,"Fernández","peripheral"
-2.84882456772291,1.35421455124438,"Fernández","peripheral"
-2.88738563494829,1.28734200967514,"Fernández","peripheral"
-2.92369856395073,1.21971687383108,"Fernández","peripheral"
-2.95772715721287,1.1514065539183,"Fernández","peripheral"
-2.98943749429291,1.08247914314927,"Fernández","peripheral"
-3.01879796563722,1.01300334986607,"Fernández","peripheral"
-3.04577930408944,0.943048429050366,"Fernández","peripheral"
-3.07035461406463,0.872684113288587,"Fernández","peripheral"
-3.09249939835935,0.801980543260945,"Fernández","peripheral"
-3.112191582571,0.731008197823677,"Fernández","peripheral"
-3.12941153710212,0.6598378237542,"Fernández","peripheral"
-3.14414209672753,0.588540365229171,"Fernández","peripheral"
-3.15636857770505,0.517186893105802,"Fernández","peripheral"
-3.16607879241253,0.445848534076879,"Fernández","peripheral"
-3.17326306149678,0.374596399770119,"Fernández","peripheral"
-3.17791422352214,0.30350151586257,"Fernández","peripheral"
-3.18002764210916,0.232634751280654,"Fernández","peripheral"
-3.17960121055621,0.162066747556494,"Fernández","peripheral"
-3.17663535393954,0.091867848410892,"Fernández","peripheral"
-3.17113302868954,0.0221080296331744,"Fernández","peripheral"
-3.16309971964367,-0.0471431706721854,"Fernández","peripheral"
-3.1525434345791,-0.115816721402676,"Fernández","peripheral"
-3.13947469623035,-0.183844167269438,"Fernández","peripheral"
-3.12390653180002,-0.251157697034993,"Fernández","peripheral"
-3.10585445997299,-0.317690211108963,"Fernández","peripheral"
-3.08533647544705,-0.383375388434389,"Fernández","peripheral"
-3.06237303099538,-0.448147752598019,"Fernández","peripheral"
-3.03698701707883,-0.511942737098606,"Fernández","peripheral"
-3.00920373902814,-0.574696749708206,"Fernández","peripheral"
-0.68242608376964,-0.82760976288552,"Milei","metropolitan"
-0.653603053697954,-0.855776579476995,"Milei","metropolitan"
-0.62387164059202,-0.882987250422966,"Milei","metropolitan"
-0.59326148137101,-0.909214651534865,"Milei","metropolitan"
-0.561803088907335,-0.934432638768879,"Milei","metropolitan"
-0.529527821610748,-0.958616074286903,"Milei","metropolitan"
-0.496467852169603,-0.981740851514478,"Milei","metropolitan"
-0.462656135480415,-1.00378391917075,"Milei","metropolitan"
-0.428126375797705,-1.02472330424651,"Milei","metropolitan"
-0.392912993136866,-1.04453813390731,"Milei","metropolitan"
-0.357051088963543,-1.06320865630003,"Milei","metropolitan"
-0.320576411203728,-1.08071626024192,"Milei","metropolitan"
-0.283525318609451,-1.0970434937726,"Milei","metropolitan"
-0.245934744515583,-1.11217408155061,"Milei","metropolitan"
-0.207842160023889,-1.12609294107701,"Milei","metropolitan"
-0.169285536651014,-1.13878619772992,"Milei","metropolitan"
-0.130303308477653,-1.15024119859505,"Milei","metropolitan"
-0.0909343338366193,-1.16044652507843,"Milei","metropolitan"
-0.0512178565780193,-1.16939200428868,"Milei","metropolitan"
-0.0111934669501241,-1.17706871917756,"Milei","metropolitan"
0.0290989378650487,-1.18346901742874,"Milei","metropolitan"
0.0696191935221142,-1.18858651908572,"Milei","metropolitan"
0.110326908549013,-1.19241612291157,"Milei","metropolitan"
0.151181504610108,-1.19495401147389,"Milei","metropolitan"
0.192142256955556,-1.19619765495018,"Milei","metropolitan"
0.233168335016618,-1.19614581364957,"Milei","metropolitan"
0.274218843106461,-1.19479853924861,"Milei","metropolitan"
0.315252861185869,-1.19215717473971,"Milei","metropolitan"
0.356229485653228,-1.18822435309246,"Milei","metropolitan"
0.397107870118122,-1.183003994629,"Milei","metropolitan"
0.437847266117909,-1.17650130311619,"Milei","metropolitan"
0.47840706373667,-1.16872276057834,"Milei","metropolitan"
0.518746832086057,-1.15967612083582,"Milei","metropolitan"
0.558826359607686,-1.14937040177587,"Milei","metropolitan"
0.598605694156886,-1.13781587636337,"Milei","metropolitan"
0.638045182827871,-1.12502406240054,"Milei","metropolitan"
0.67710551148062,-1.11100771104572,"Milei","metropolitan"
0.715747743930059,-1.09578079410278,"Milei","metropolitan"
0.753933360758505,-1.07935849009366,"Milei","metropolitan"
0.791624297712657,-1.06175716912815,"Milei","metropolitan"
0.828782983646868,-1.04299437658578,"Milei","metropolitan"
0.865372377974886,-1.0230888156262,"Milei","metropolitan"
0.901356007592712,-1.00206032854548,"Milei","metropolitan"
0.936698003235781,-0.979929876996846,"Milei","metropolitan"
0.971363135234233,-0.956719521095701,"Milei","metropolitan"
1.00531684863061,-0.932452397429575,"Milei","metropolitan"
1.03852529762497,-0.907152695995089,"Milei","metropolitan"
1.07095537931317,-0.880845636084844,"Milei","metropolitan"
1.10257476668449,-0.853557441148275,"Milei","metropolitan"
1.13335194084596,-0.825315312651549,"Milei","metropolitan"
1.16325622244104,-0.79614740296255,"Milei","metropolitan"
1.19225780223148,-0.766082787287992,"Milei","metropolitan"
1.22032777081185,-0.735151434690613,"Milei","metropolitan"
1.24743814742699,-0.703384178215366,"Milei","metropolitan"
1.27356190786392,-0.670812684154369,"Milei","metropolitan"
1.2986730113901,-0.637469420481256,"Milei","metropolitan"
1.32274642671142,-0.603387624486394,"Milei","metropolitan"
1.34575815692396,-0.56860126964523,"Milei","metropolitan"
1.36768526343459,-0.533145031752789,"Milei","metropolitan"
1.38850588882667,-0.497054254358096,"Milei","metropolitan"
1.40819927864802,-0.460364913532944,"Milei","metropolitan"
1.42674580209937,-0.423113582010177,"Milei","metropolitan"
1.44412697160281,-0.385337392727185,"Milei","metropolitan"
1.46032546123057,-0.347074001810988,"Milei","metropolitan"
1.47532512397592,-0.308361551041792,"Milei","metropolitan"
1.48911100784882,-0.269238629832427,"Milei","metropolitan"
1.50166937078041,-0.229744236761587,"Milei","metropolitan"
1.51298769432142,-0.189917740699195,"Milei","metropolitan"
1.52305469612079,-0.14979884156266,"Milei","metropolitan"
1.53186034117219,-0.109427530743131,"Milei","metropolitan"
1.53939585181714,-0.0688440512412155,"Milei","metropolitan"
1.54565371649474,-0.0280888575518764,"Milei","metropolitan"
1.55062769722939,0.0127974246614878,"Milei","metropolitan"
1.55431283584891,0.0537740390635849,"Milei","metropolitan"
1.556705458927,0.0948001392740346,"Milei","metropolitan"
1.55780318144493,0.135834829583925,"Milei","metropolitan"
1.55760490916902,0.176837205721548,"Milei","metropolitan"
1.55611083974139,0.217766395626664,"Milei","metropolitan"
1.55332246248294,0.258581600192662,"Milei","metropolitan"
1.54924255690876,0.299242133935994,"Milei","metropolitan"
1.54387518995746,0.339707465552355,"Milei","metropolitan"
1.53722571193713,0.379937258319164,"Milei","metropolitan"
1.52930075119209,0.419891410304087,"Milei","metropolitan"
1.52010820749555,0.459530094339517,"Milei","metropolitan"
1.50965724417497,0.498813797723158,"Milei","metropolitan"
1.4979582789779,0.537703361605149,"Milei","metropolitan"
1.48502297368725,0.576160020022457,"Milei","metropolitan"
1.47086422249666,0.614145438541628,"Milei","metropolitan"
1.45549613915723,0.65162175247139,"Milei","metropolitan"
1.43893404290866,0.688551604606995,"Milei","metropolitan"
1.42119444320866,0.724898182468697,"Milei","metropolitan"
1.40229502327602,0.76062525499723,"Milei","metropolitan"
1.38225462246355,0.795697208669719,"Milei","metropolitan"
1.3610932174786,0.830079083000009,"Milei","metropolitan"
1.33883190246988,0.863736605388043,"Milei","metropolitan"
1.31549286800031,0.896636225283533,"Milei","metropolitan"
1.29109937892703,0.928745147629878,"Milei","metropolitan"
1.26567575121044,0.960031365554988,"Milei","metropolitan"
1.23924732767557,0.990463692276435,"Milei","metropolitan"
1.21184045274973,1.02001179218911,"Milei","metropolitan"
1.1834824462019,1.04864621110442,"Milei","metropolitan"
1.15420157590972,1.07633840561086,"Milei","metropolitan"
1.12402702968149,1.1030607715267,"Milei","metropolitan"
1.09298888616111,1.12878667141645,"Milei","metropolitan"
1.06111808484505,1.15349046114362,"Milei","metropolitan"
1.02844639524119,1.17714751543337,"Milei","metropolitan"
0.995006385200238,1.19973425241948,"Milei","metropolitan"
0.96083138845146,1.22122815715134,"Milei","metropolitan"
0.925955471374837,1.24160780403724,"Milei","metropolitan"
0.890413399042979,1.26085287820198,"Milei","metropolitan"
0.854240600566544,1.27894419573709,"Milei","metropolitan"
0.817473133777727,1.2958637228238,"Milei","metropolitan"
0.780147649287029,1.31159459370955,"Milei","metropolitan"
0.742301353949131,1.32612112752015,"Milei","metropolitan"
0.703971973774295,1.33942884389076,"Milei","metropolitan"
0.665197716322253,1.3515044774003,"Milei","metropolitan"
0.626017232616083,1.36233599079466,"Milei","metropolitan"
0.586469578614025,1.37191258698574,"Milei","metropolitan"
0.546594176277659,1.38022471981419,"Milei","metropolitan"
0.506430774275229,1.38726410356522,"Milei","metropolitan"
0.466019408359311,1.39302372122804,"Milei","metropolitan"
0.425400361458302,1.39749783149049,"Milei","metropolitan"
0.384614123521523,1.40068197446216,"Milei","metropolitan"
0.343701351157953,1.4025729761201,"Milei","metropolitan"
0.302702827108842,1.40316895147272,"Milei","metropolitan"
0.261659419594582,1.40246930643883,"Milei","metropolitan"
0.220612041576382,1.40047473843982,"Milei","metropolitan"
0.179601609973336,1.39718723570444,"Milei","metropolitan"
0.138669004875544,1.39261007528692,"Milei","metropolitan"
0.097855028793957,1.3867478198003,"Milei","metropolitan"
0.057200365987542,1.37960631286835,"Milei","metropolitan"
0.0167455419083261,1.37119267330048,"Milei","metropolitan"
-0.0234691171952492,1.36151528799559,"Milei","metropolitan"
-0.0634035244764172,1.35058380358182,"Milei","metropolitan"
-0.103017872449519,1.33840911680056,"Milei","metropolitan"
-0.142272672670975,1.32500336364437,"Milei","metropolitan"
-0.181128795102227,1.31037990725954,"Milei","metropolitan"
-0.219547507115404,1.29455332462541,"Milei","metropolitan"
-0.257490512102857,1.27753939202375,"Milei","metropolitan"
-0.294919987652041,1.25935506931259,"Milei","metropolitan"
-0.331798623247725,1.24001848302027,"Milei","metropolitan"
-0.368089657463926,1.21954890827653,"Milei","metropolitan"
-0.403756914608489,1.19796674959865,"Milei","metropolitan"
-0.438764840783817,1.17529352055175,"Milei","metropolitan"
-0.473078539327756,1.15155182230365,"Milei","metropolitan"
-0.506663805599354,1.12676532109547,"Milei","metropolitan"
-0.539487161074793,1.10095872465068,"Milei","metropolitan"
-0.571515886719503,1.07415775754583,"Milei","metropolitan"
-0.602718055603213,1.0463891355678,"Milei","metropolitan"
-0.633062564725403,1.01768053908289,"Milei","metropolitan"
-0.662519166019462,0.988060585444398,"Milei","metropolitan"
-0.691058496504606,0.95755880046629,"Milei","metropolitan"
-0.718652107555543,0.926205588991173,"Milei","metropolitan"
-0.745272493260683,0.894032204582101,"Milei","metropolitan"
-0.770893117840623,0.861070718368351,"Milei","metropolitan"
-0.795488442099594,0.827353987076213,"Milei","metropolitan"
-0.819033948883484,0.792915620276702,"Milei","metropolitan"
-0.841506167519071,0.757789946882796,"Milei","metropolitan"
-0.862882697210102,0.722011980929634,"Milei","metropolitan"
-0.883142229366889,0.685617386671767,"Milei","metropolitan"
-0.902264568847185,0.648642443032245,"Milei","metropolitan"
-0.920230654087127,0.611124007439009,"Milei","metropolitan"
-0.937022576102228,0.573099479084596,"Milei","metropolitan"
-0.952623596339439,0.534606761645813,"Milei","metropolitan"
-0.967018163362501,0.49568422550053,"Milei","metropolitan"
-0.98019192835396,0.456370669479249,"Milei","metropolitan"
-0.992131759418371,0.41670528218959,"Milei","metropolitan"
-1.00282575467247,0.376727602952234,"Milei","metropolitan"
-1.01226325410921,0.336477482387263,"Milei","metropolitan"
-1.02043485022392,0.295995042690205,"Milei","metropolitan"
-1.02733239739187,0.255320637637344,"Milei","metropolitan"
-1.03294901998804,0.214494812360213,"Milei","metropolitan"
-1.03727911924089,0.173558262929313,"Milei","metropolitan"
-1.04031837881329,0.132551795787389,"Milei","metropolitan"
-1.04206376910523,0.0915162870726852,"Milei","metropolitan"
-1.04251355027369,0.0504926418727121,"Milei","metropolitan"
-1.04166727396702,0.00952175344917497,"Milei","metropolitan"
-1.03952578377186,-0.0313555375253272,"Milei","metropolitan"
-1.03609121437219,-0.0720984836781649,"Milei","metropolitan"
-1.0313669894215,-0.112666471554548,"Milei","metropolitan"
-1.02535781812995,-0.153019062101905,"Milei","metropolitan"
-1.01806969057018,-0.193116030980403,"Milei","metropolitan"
-1.00950987170623,-0.23291740865945,"Milei","metropolitan"
-0.999686894151697,-0.272383520260189,"Milei","metropolitan"
-0.988610549664245,-0.311475025104278,"Milei","metropolitan"
-0.976291879384939,-0.350152955929545,"Milei","metropolitan"
-0.962743162832215,-0.388378757733384,"Milei","metropolitan"
-0.947977905661387,-0.42611432620524,"Milei","metropolitan"
-0.932010826201911,-0.463322045709799,"Milei","metropolitan"
-0.914857840785839,-0.499964826783075,"Milei","metropolitan"
-0.896536047882072,-0.536006143104004,"Milei","metropolitan"
-0.877063711052231,-0.571410067904661,"Milei","metropolitan"
-0.856460240745147,-0.606141309782853,"Milei","metropolitan"
-0.834746174948098,-0.640165247881353,"Milei","metropolitan"
-0.811943158714101,-0.673447966398723,"Milei","metropolitan"
-0.788073922585651,-0.705956288397325,"Milei","metropolitan"
-0.763162259936419,-0.73765780887481,"Milei","metropolitan"
-0.737233003253504,-0.768520927066133,"Milei","metropolitan"
-0.710311999383869,-0.798514877943881,"Milei","metropolitan"
-0.682426083769641,-0.82760976288552,"Milei","metropolitan"
-1.32857271924099,-0.140892349238295,"Milei","intermediate"
-1.31789216588854,-0.179934975982318,"Milei","intermediate"
-1.30571223440023,-0.218556669803545,"Milei","intermediate"
-1.29204506599667,-0.256718931757643,"Milei","intermediate"
-1.27690428440854,-0.294383720871956,"Milei","intermediate"
-1.2603049822962,-0.331513492065575,"Milei","intermediate"
-1.242263706205,-0.368071233575089,"Milei","intermediate"
-1.22279844007131,-0.404020503848716,"Milei","intermediate"
-1.20192858729572,-0.439325467872035,"Milei","intermediate"
-1.17967495140136,-0.473950932889107,"Milei","intermediate"
-1.15605971529644,-0.507862383483381,"Milei","intermediate"
-1.1311064191619,-0.54102601598341,"Milei","intermediate"
-1.104839936986,-0.573408772159087,"Milei","intermediate"
-1.0772864517694,-0.604978372174807,"Milei","intermediate"
-1.04847342942539,-0.635703346766709,"Milei","intermediate"
-1.01842959140126,-0.665553068611925,"Milei","intermediate"
-0.987184886048132,-0.694497782858558,"Milei","intermediate"
-0.954770458767805,-0.722508636785966,"Milei","intermediate"
-0.921218620966328,-0.749557708565785,"Milei","intermediate"
-0.886562817845297,-0.775618035095012,"Milei","intermediate"
-0.850837595062943,-0.80066363887341,"Milei","intermediate"
-0.814078564298276,-0.82466955389845,"Milei","intermediate"
-0.776322367752585,-0.847611850551963,"Milei","intermediate"
-0.737606641623696,-0.869467659453704,"Milei","intermediate"
-0.697969978589389,-0.890215194258047,"Milei","intermediate"
-0.657451889337382,-0.909833773371089,"Milei","intermediate"
-0.616092763180214,-0.928303840566512,"Milei","intermediate"
-0.573933827794303,-0.945606984479654,"Milei","intermediate"
-0.5310171081233,-0.961725956960361,"Milei","intermediate"
-0.48738538448671,-0.976644690266314,"Milei","intermediate"
-0.443082149935541,-0.990348313079705,"Milei","intermediate"
-0.398151566897487,-1.00282316533129,"Milei","intermediate"
-0.352638423154853,-1.01405681181706,"Milei","intermediate"
-0.306588087199127,-1.02403805459387,"Milei","intermediate"
-0.260046463006675,-1.03275694414187,"Milei","intermediate"
-0.213059944280665,-1.04020478928233,"Milei","intermediate"
-0.165675368204808,-1.04637416584125,"Milei","intermediate"
-0.117939968755041,-1.05125892404991,"Milei","intermediate"
-0.0699013296156671,-1.05485419467508,"Milei","intermediate"
-0.0216073367469084,-1.05715639387282,"Milei","intermediate"
0.0268938693488619,-1.05816322676091,"Milei","intermediate"
0.0755539416146206,-1.05787368970643,"Milei","intermediate"
0.124324374632091,-1.0562880713262,"Milei","intermediate"
0.173156552972999,-1.05340795219911,"Milei","intermediate"
0.222001799659988,-1.04923620329054,"Milei","intermediate"
0.270811424688893,-1.04377698309054,"Milei","intermediate"
0.319536773563988,-1.03703573346852,"Milei","intermediate"
0.368129275797854,-1.02901917424871,"Milei","intermediate"
0.416540493327491,-1.01973529651168,"Milei","intermediate"
0.464722168798435,-1.00919335462867,"Milei","intermediate"
0.512626273668739,-0.997403857036606,"Milei","intermediate"
0.560205056084865,-0.98437855576308,"Milei","intermediate"
0.607411088481775,-0.970130434711672,"Milei","intermediate"
0.654197314859755,-0.954673696719309,"Milei","intermediate"
0.700517097690861,-0.938023749398571,"Milei","intermediate"
0.74632426440822,-0.920197189779044,"Milei","intermediate"
0.79157315343185,-0.901211787763042,"Milei","intermediate"
0.836218659685114,-0.881086468412183,"Milei","intermediate"
0.880216279556447,-0.859841293082474,"Milei","intermediate"
0.923522155261513,-0.837497439426718,"Milei","intermediate"
0.966093118561609,-0.814077180284163,"Milei","intermediate"
1.0078867337947,-0.789603861478459,"Milei","intermediate"
1.04886134017621,-0.764101878546028,"Milei","intermediate"
1.08897609332739,-0.737596652418067,"Milei","intermediate"
1.1281910059899,-0.710114604080406,"Milei","intermediate"
1.16646698788597,-0.681683128236498,"Milei","intermediate"
1.20376588468443,-0.652330565999781,"Milei","intermediate"
1.24005051603379,-0.622086176642644,"Milei","intermediate"
1.27528471262442,-0.590980108430141,"Milei","intermediate"
1.30943335224288,-0.55904336856755,"Milei","intermediate"
1.34246239478256,-0.526307792291717,"Milei","intermediate"
1.37433891617555,-0.492806011136994,"Milei","intermediate"
1.40503114121209,-0.458571420407421,"Milei","intermediate"
1.43450847521477,-0.423638145887561,"Milei","intermediate"
1.46274153453599,-0.38804100982517,"Milei","intermediate"
1.48970217584824,-0.351815496219631,"Milei","intermediate"
1.5153635241979,-0.314997715450725,"Milei","intermediate"
1.53969999979488,-0.277624368283022,"Milei","intermediate"
1.56268734351104,-0.239732709281762,"Milei","intermediate"
1.58430264106223,-0.201360509676693,"Milei","intermediate"
1.60452434584979,-0.162546019710885,"Milei","intermediate"
1.6233323004386,-0.123327930512061,"Milei","intermediate"
1.6407077566505,-0.0837453355244353,"Milei","intermediate"
1.65663339425286,-0.04383769153952,"Milei","intermediate"
1.67109333822378,-0.00364477936473753,"Milei","intermediate"
1.68407317457663,0.0367933358309553,"Milei","intermediate"
1.69555996472826,0.0774363444548971,"Milei","intermediate"
1.70554225839644,0.118243732672202,"Milei","intermediate"
1.71401010501374,0.159174822790829,"Milei","intermediate"
1.72095506364649,0.200188813809995,"Milei","intermediate"
1.72637021140891,0.241244822091492,"Milei","intermediate"
1.73025015036393,0.282301922113393,"Milei","intermediate"
1.73259101290402,0.323319187265502,"Milei","intermediate"
1.7333904656065,0.364255730645886,"Milei","intermediate"
1.73264771155951,0.405070745817829,"Milei","intermediate"
1.73036349115646,0.445723547486577,"Milei","intermediate"
1.72654008135792,0.486173612055323,"Milei","intermediate"
1.72118129342192,0.526380618020013,"Milei","intermediate"
1.71429246910481,0.566304486162691,"Milei","intermediate"
1.7058804753365,0.605905419503344,"Milei","intermediate"
1.69595369737532,0.645143942970389,"Milei","intermediate"
1.68452203044941,0.683980942750289,"Milei","intermediate"
1.67159686989298,0.722377705277049,"Milei","intermediate"
1.65719109978717,0.760295955822745,"Milei","intermediate"
1.64131908011691,0.797697896650599,"Milei","intermediate"
1.62399663245658,0.834546244692588,"Milei","intermediate"
1.60524102419875,0.870804268714021,"Milei","intermediate"
1.5850709513416,0.906435825928025,"Milei","intermediate"
1.56350651985241,0.941405398023466,"Milei","intermediate"
1.54056922562548,0.975678126570375,"Milei","intermediate"
1.51628193305451,1.00921984776758,"Milei","intermediate"
1.49066885224093,1.04199712649795,"Milei","intermediate"
1.46375551486073,1.0739772896572,"Milei","intermediate"
1.4355687487139,1.10512845872322,"Milei","intermediate"
1.40613665098193,1.1354195815332,"Milei","intermediate"
1.37548856021993,1.16482046323718,"Milei","intermediate"
1.34365502711129,1.19330179639686,"Milei","intermediate"
1.31066778401411,1.22083519019996,"Milei","intermediate"
1.27655971332972,1.24739319876073,"Milei","intermediate"
1.24136481472473,1.27294934847869,"Milei","intermediate"
1.2051181712395,1.297478164428,"Milei","intermediate"
1.16785591431651,1.32095519575147,"Milei","intermediate"
1.12961518778384,1.34335704003372,"Milei","intermediate"
1.09043411082934,1.36466136662917,"Milei","intermediate"
1.05035174000263,1.38484693892177,"Milei","intermediate"
1.00940803028262,1.40389363549404,"Milei","intermediate"
0.967643795249609,1.42178247018465,"Milei","intermediate"
0.925100666401347,1.43849561101411,"Milei","intermediate"
0.88182105165388,1.45401639796019,"Milei","intermediate"
0.837848093068421,1.46832935956491,"Milei","intermediate"
0.793225623846397,1.48142022835688,"Milei","intermediate"
0.747998124635561,1.49327595507338,"Milei","intermediate"
0.702210679190719,1.50388472166819,"Milei","intermediate"
0.65590892943326,1.51323595309205,"Milei","intermediate"
0.609139029954295,1.52132032783412,"Milei","intermediate"
0.561947602006763,1.52812978721383,"Milei","intermediate"
0.514381687032342,1.53365754341398,"Milei","intermediate"
0.466488699769529,1.53789808624698,"Milei","intermediate"
0.418316380989583,1.54084718864751,"Milei","intermediate"
0.369912749907502,1.54250191088617,"Milei","intermediate"
0.321326056315414,1.54286060349983,"Milei","intermediate"
0.272604732486136,1.5419229089359,"Milei","intermediate"
0.223797344894839,1.53968976190871,"Milei","intermediate"
0.174952545806915,1.53616338846779,"Milei","intermediate"
0.126119024780358,1.53134730377887,"Milei","intermediate"
0.0773454601309426,1.52524630861991,"Milei","intermediate"
0.0286804704086188,1.51786648459556,"Milei","intermediate"
-0.019827434066506,1.50921518807491,"Milei","intermediate"
-0.0681298995603208,1.49930104285847,"Milei","intermediate"
-0.116178777124753,1.48813393158181,"Milei","intermediate"
-0.163926170593699,1.4757249858643,"Milei","intermediate"
-0.211324484326955,1.46208657521291,"Milei","intermediate"
-0.258326470654586,1.44723229469196,"Milei","intermediate"
-0.304885276974442,1.43117695137134,"Milei","intermediate"
-0.350954492455836,1.41393654956642,"Milei","intermediate"
-0.396488194302881,1.39552827488467,"Milei","intermediate"
-0.441440993531323,1.37597047709462,"Milei","intermediate"
-0.485768080213274,1.35528265183445,"Milei","intermediate"
-0.529425268144719,1.33348542117829,"Milei","intermediate"
-0.572369038891286,1.3106005130797,"Milei","intermediate"
-0.614556585168371,1.28665073971276,"Milei","intermediate"
-0.655945853512362,1.26165997473241,"Milei","intermediate"
-0.696495586200456,1.23565312947669,"Milei","intermediate"
-0.736165362377248,1.20865612813452,"Milei","intermediate"
-0.774915638347119,1.18069588190396,"Milei","intermediate"
-0.812707786992256,1.15180026216654,"Milei","intermediate"
-0.849504136277,1.12199807270441,"Milei","intermediate"
-0.885268006800147,1.09131902098816,"Milei","intermediate"
-0.919963748357782,1.05979368856373,"Milei","intermediate"
-0.953556775480167,1.02745350056809,"Milei","intermediate"
-0.986013601907299,0.994330694403961,"Milei","intermediate"
-1.01730187396873,0.960458287604864,"Milei","intermediate"
-1.04739040283444,0.925870044922544,"Milei","intermediate"
-1.07624919560448,0.890600444669518,"Milei","intermediate"
-1.10384948520661,0.854684644350352,"Milei","intermediate"
-1.13016375907192,0.818158445615886,"Milei","intermediate"
-1.15516578655995,0.78105825857538,"Milei","intermediate"
-1.17883064510595,0.743421065502116,"Milei","intermediate"
-1.20113474506429,0.70528438396867,"Milei","intermediate"
-1.22205585322304,0.66668622944858,"Milei","intermediate"
-1.24157311496662,0.627665077421688,"Milei","intermediate"
-1.25966707506407,0.588259825020955,"Milei","intermediate"
-1.27631969706247,0.548509752258944,"Milei","intermediate"
-1.29151438126603,0.508454482872656,"Milei","intermediate"
-1.30523598128312,0.468133944825725,"Milei","intermediate"
-1.3174708191244,0.42758833050735,"Milei","intermediate"
-1.32820669883745,0.386858056667658,"Milei","intermediate"
-1.33743291866389,0.345983724129398,"Milei","intermediate"
-1.34514028170715,0.305006077316167,"Milei","intermediate"
-1.35132110510012,0.263965963637476,"Milei","intermediate"
-1.35596922766363,0.222904292771163,"Milei","intermediate"
-1.35908001604803,0.181861995883747,"Milei","intermediate"
-1.36065036935179,0.140879984829336,"Milei","intermediate"
-1.3606787222126,0.0999991113678114,"Milei","intermediate"
-1.35916504636771,0.059260126442905,"Milei","intermediate"
-1.35611085068212,0.0187036395607647,"Milei","intermediate"
-1.3515191796445,-0.0216299216904748,"Milei","intermediate"
-1.34539461033241,-0.0617003519398001,"Milei","intermediate"
-1.33774324784974,-0.1014677081109,"Milei","intermediate"
-1.32857271924099,-0.140892349238295,"Milei","intermediate"
-2.0042682109661,0.325623917636995,"Milei","peripheral"
-2.00401125624511,0.273608188143044,"Milei","peripheral"
-2.00177865389095,0.22161653350371,"Milei","peripheral"
-1.9975726294102,0.169700780131033,"Milei","peripheral"
-1.99139737545952,0.117912678777022,"Milei","peripheral"
-1.98325904766636,0.0663038529473761,"Milei","peripheral"
-1.97316575849285,0.0149257474420524,"Milei","peripheral"
-1.96112756914914,-0.0361704229260278,"Milei","peripheral"
-1.94715647956417,-0.0869337243830199,"Milei","peripheral"
-1.93126641642388,-0.137313554966049,"Milei","peripheral"
-1.91347321928878,-0.187259694964347,"Milei","peripheral"
-1.89379462480473,-0.236722356979352,"Milei","peripheral"
-1.87225024902268,-0.28565223555387,"Milei","peripheral"
-1.84886156784495,-0.33400055632083,"Milei","peripheral"
-1.82365189561758,-0.381719124622627,"Milei","peripheral"
-1.7966463618901,-0.428760373552612,"Milei","peripheral"
-1.76787188636584,-0.475077411370814,"Milei","peripheral"
-1.73735715206778,-0.52062406824665,"Milei","peripheral"
-1.70513257674669,-0.565354942282013,"Milei","peripheral"
-1.67123028256005,-0.609225444768872,"Milei","peripheral"
-1.63568406405202,-0.652191844636269,"Milei","peripheral"
-1.59852935446624,-0.694211312042397,"Milei","peripheral"
-1.55980319042526,-0.735241961068321,"Milei","peripheral"
-1.51954417501159,-0.775242891470773,"Milei","peripheral"
-1.47779243928735,-0.814174229452399,"Milei","peripheral"
-1.4345896022907,-0.851997167408836,"Milei","peripheral"
-1.38997872954912,-0.888674002612967,"Milei","peripheral"
-1.34400429015074,-0.924168174797827,"Milei","peripheral"
-1.29671211241659,-0.958444302600666,"Milei","peripheral"
-1.24814933821793,-0.991468218831866,"Milei","peripheral"
-1.19836437598421,-1.02320700453353,"Milei","peripheral"
-1.14740685244849,-1.05362902179384,"Milei","peripheral"
-1.09532756317843,-1.08270394528437,"Milei","peripheral"
-1.04217842194218,-1.11040279248908,"Milei","peripheral"
-0.988012408959597,-1.13669795259468,"Milei","peripheral"
-0.932883518090403,-1.16156321401374,"Milei","peripheral"
-0.87684670301194,-1.1849737905129,"Milei","peripheral"
-0.819957822440148,-1.20690634592038,"Milei","peripheral"
-0.762273584448381,-1.22733901738798,"Milei","peripheral"
-0.703851489939565,-1.24625143718441,"Milei","peripheral"
-0.64474977532805,-1.26362475299831,"Milei","peripheral"
-0.585027354488286,-1.27944164673067,"Milei","peripheral"
-0.524743760028186,-1.29368635175781,"Milei","peripheral"
-0.463959083945736,-1.30634466864799,"Milei","peripheral"
-0.402733917727979,-1.31740397931564,"Milei","peripheral"
-0.341129291952103,-1.32685325959936,"Milei","peripheral"
-0.279206615448839,-1.33468309025108,"Milei","peripheral"
-0.217027614088798,-1.34088566632533,"Milei","peripheral"
-0.154654269252783,-1.34545480495936,"Milei","peripheral"
-0.0921487560474002,-1.34838595153644,"Milei","peripheral"
-0.0295733813275604,-1.34967618422591,"Milei","peripheral"
0.0330094784123472,-1.34932421689575,"Milei","peripheral"
0.0955374392167046,-1.34733040039467,"Milei","peripheral"
0.157948171854345,-1.3436967222023,"Milei","peripheral"
0.220179463949688,-1.3384268044481,"Milei","peripheral"
0.282169281997389,-1.3315259003007,"Milei","peripheral"
0.343855833198685,-1.32300088873141,"Milei","peripheral"
0.4051776270578,-1.31286026765719,"Milei","peripheral"
0.466073536677012,-1.30111414546964,"Milei","peripheral"
0.526482859689268,-1.28777423095881,"Milei","peripheral"
0.586345378767628,-1.2728538216416,"Milei","peripheral"
0.645601421651207,-1.25636779050651,"Milei","peripheral"
0.704191920627778,-1.23833257118789,"Milei","peripheral"
0.762058471413756,-1.21876614158459,"Milei","peripheral"
0.819143391372855,-1.19768800593917,"Milei","peripheral"
0.875389777015396,-1.17511917539563,"Milei","peripheral"
0.930741560720946,-1.15108214705508,"Milei","peripheral"
0.985143566627735,-1.12560088155012,"Milei","peripheral"
1.03854156563316,-1.09870077916035,"Milei","peripheral"
1.09088232945053,-1.07040865449286,"Milei","peripheral"
1.14211368366818,-1.04075270975281,"Milei","peripheral"
1.19218455975807,-1.00976250663085,"Milei","peripheral"
1.24104504598198,-0.977468936835426,"Milei","peripheral"
1.28864643714466,-0.943904191299215,"Milei","peripheral"
1.33494128314416,-0.909101728090523,"Milei","peripheral"
1.3798834362712,-0.873096239061548,"Milei","peripheral"
1.42342809721014,-0.835923615266789,"Milei","peripheral"
1.46553185969597,-0.797620911186062,"Milei","peripheral"
1.5061527537826,-0.758226307787789,"Milei","peripheral"
1.54525028767937,-0.717779074469377,"Milei","peripheral"
1.58278548811423,-0.67631952991263,"Milei","peripheral"
1.61872093918307,-0.633889001893212,"Milei","peripheral"
1.65302081964677,-0.590529786084214,"Milei","peripheral"
1.68565093863853,-0.546285103894917,"Milei","peripheral"
1.71657876974612,-0.501199059386746,"Milei","peripheral"
1.74577348343487,-0.455316595309382,"Milei","peripheral"
1.77320597777927,-0.408683448300852,"Milei","peripheral"
1.79884890747236,-0.361346103296257,"Milei","peripheral"
1.82267671108415,-0.313351747190573,"Milei","peripheral"
1.8446656365418,-0.264748221801731,"Milei","peripheral"
1.86479376480621,-0.215583976180851,"Milei","peripheral"
1.88304103172138,-0.165908018317175,"Milei","peripheral"
1.89938924801482,-0.115769866285837,"Milei","peripheral"
1.91382211742899,-0.0652194988871682,"Milei","peripheral"
1.92632525296578,-0.0143073058267437,"Milei","peripheral"
1.93688619122777,0.036915962514172,"Milei","peripheral"
1.94549440484203,0.0883992456677117,"Milei","peripheral"
1.95214131295401,0.140091223977587,"Milei","peripheral"
1.95682028978116,0.191940369755641,"Milei","peripheral"
1.95952667121761,0.243894998645764,"Milei","peripheral"
1.9602577594835,0.295903321143985,"Milei","peripheral"
1.95901282581414,0.347913494223382,"Milei","peripheral"
1.95579311118649,0.399873673012329,"Milei","peripheral"
1.95060182508211,0.451732062474597,"Milei","peripheral"
1.94344414228789,0.503436969039773,"Milei","peripheral"
1.9343271977377,0.55493685213253,"Milei","peripheral"
1.92326007940013,0.606180375549402,"Milei","peripheral"
1.91025381921944,0.657116458631819,"Milei","peripheral"
1.89532138211862,0.707694327184426,"Milei","peripheral"
1.87847765307572,0.757863564087899,"Milei","peripheral"
1.85973942228617,0.807574159555829,"Milei","peripheral"
1.83912536842593,0.856776560985566,"Milei","peripheral"
1.81665604003218,0.905421722353326,"Milei","peripheral"
1.79235383502014,0.953461153104342,"Milei","peripheral"
1.76624297835628,1.00084696648929,"Milei","peripheral"
1.73834949791035,1.04753192729887,"Milei","peripheral"
1.7087011985103,1.09346949894885,"Milei","peripheral"
1.67732763422575,1.13861388986878,"Milei","peripheral"
1.64426007890787,1.182920099148,"Milei","peripheral"
1.60953149501494,1.22634396139355,"Milei","peripheral"
1.57317650075467,1.26884219075517,"Milei","peripheral"
1.53523133557595,1.3103724240736,"Milei","peripheral"
1.49573382404467,1.35089326310909,"Milei","peripheral"
1.45472333813928,1.39036431580804,"Milei","peripheral"
1.41224075800403,1.42874623656673,"Milei","peripheral"
1.36832843119869,1.46600076545183,"Milei","peripheral"
1.32303013048561,1.50209076633874,"Milei","peripheral"
1.27639101019608,1.53698026392972,"Milei","peripheral"
1.22845756121947,1.57063447961479,"Milei","peripheral"
1.17927756466019,1.60301986613986,"Milei","peripheral"
1.12890004420835,1.63410414104733,"Milei","peripheral"
1.07737521727192,1.66385631885598,"Milei","peripheral"
1.02475444491894,1.69224674194791,"Milei","peripheral"
0.971090180679672,1.71924711013197,"Milei","peripheral"
0.91643591825978,1.74483050885396,"Milei","peripheral"
0.860846138216648,1.76897143602564,"Milei","peripheral"
0.804376253651966,1.79164582744582,"Milei","peripheral"
0.74708255497476,1.81283108078799,"Milei","peripheral"
0.689022153789871,1.83250607813092,"Milei","peripheral"
0.63025292596788,1.85065120700934,"Milei","peripheral"
0.570833453953173,1.8672483799642,"Milei","peripheral"
0.510822968367685,1.88228105257254,"Milei","peripheral"
0.45028128896854,1.89573423993936,"Milei","peripheral"
0.389268765018397,1.90759453163494,"Milei","peripheral"
0.327846215128011,1.91785010506258,"Milei","peripheral"
0.266074866630911,1.92649073724365,"Milei","peripheral"
0.204016294550658,1.93350781500808,"Milei","peripheral"
0.141732360221532,1.93889434358014,"Milei","peripheral"
0.0792851496237985,1.94264495355102,"Milei","peripheral"
0.0167369114950654,1.94475590623112,"Milei","peripheral"
-0.045850004720627,1.94522509737691,"Milei","peripheral"
-0.108413211024075,1.94405205928845,"Milei","peripheral"
-0.170890343050629,1.94123796127561,"Milei","peripheral"
-0.23321912223636,1.9367856084925,"Milei","peripheral"
-0.295337417898666,1.9306994391412,"Milei","peripheral"
-0.357183309169507,1.92298552004768,"Milei","peripheral"
-0.41869514671946,1.91365154061424,"Milei","peripheral"
-0.479811614211116,1.90270680515459,"Milei","peripheral"
-0.540471789420542,1.89016222361904,"Milei","peripheral"
-0.60061520496587,1.8760303007193,"Milei","peripheral"
-0.66018190858251,1.86032512346343,"Milei","peripheral"
-0.719112522884859,1.84306234711369,"Milei","peripheral"
-0.777348304554976,1.82425917958096,"Milei","peripheral"
-0.834831202899204,1.80393436427156,"Milei","peripheral"
-0.891503917714352,1.78210816140341,"Milei","peripheral"
-0.947309956405797,1.7588023278102,"Milei","peripheral"
-1.00219369030052,1.7340400952537,"Milei","peripheral"
-1.05610041009898,1.70784614726584,"Milei","peripheral"
-1.10897638041054,1.68024659454364,"Milei","peripheral"
-1.16076889331807,1.65126894892147,"Milei","peripheral"
-1.21142632091832,1.62094209594669,"Milei","peripheral"
-1.2608981667858,1.58929626608587,"Milei","peripheral"
-1.30913511630865,1.55636300459045,"Milei","peripheral"
-1.35608908584653,1.52217514005171,"Milei","peripheral"
-1.40171327066147,1.48676675167652,"Milei","peripheral"
-1.44596219157384,1.45017313531647,"Milei","peripheral"
-1.48879174029695,1.41243076828417,"Milei","peripheral"
-1.5301592234052,1.37357727299188,"Milei","peripheral"
-1.57002340489179,1.33365137944868,"Milei","peripheral"
-1.60834454727364,1.29269288665356,"Milei","peripheral"
-1.64508445120264,1.25074262292288,"Milei","peripheral"
-1.68020649354355,1.20784240519185,"Milei","peripheral"
-1.71367566388074,1.16403499733048,"Milei","peripheral"
-1.74545859941734,1.11936406751563,"Milei","peripheral"
-1.775523618232,1.07387414470164,"Milei","peripheral"
-1.80384075086013,1.02761057423286,"Milei","peripheral"
-1.83038177016809,0.980619472642466,"Milei","peripheral"
-1.85512021949064,0.93294768168246,"Milei","peripheral"
-1.87803143900347,0.884642721630825,"Milei","peripheral"
-1.89909259030473,0.835752743922261,"Milei","peripheral"
-1.91828267918075,0.786326483149787,"Milei","peripheral"
-1.93558257653361,0.736413208485049,"Milei","peripheral"
-1.95097503744939,0.686062674565727,"Milei","peripheral"
-1.96444471838831,0.63532507189904,"Milei","peripheral"
-1.97597819247947,0.584250976830749,"Milei","peripheral"
-1.98556396290507,0.532891301129558,"Milei","peripheral"
-1.99319247436068,0.481297241237162,"Milei","peripheral"
-1.99885612258018,0.429520227234508,"Milei","peripheral"
-2.00254926191586,0.377611871575183,"Milei","peripheral"
-2.0042682109661,0.325623917636995,"Milei","peripheral"
